customer_id,avg_balance,monthly_deposits,monthly_withdrawals,digital_txn_ratio
1,92515.92,1,9,0.57
2,138097.4,13,16,0.48
3,124329.4,14,8,0.24
4,156819.94,4,19,0.64
5,93515.51,9,13,0.49
6,174745.37,12,14,0.56
7,95855.29,2,19,0.34
8,77579.97,6,16,0.92
9,122198.78,11,8,0.34
10,72660.6,11,8,0.51
11,130218.55,5,19,0.73
12,58761.29,14,16,0.74
13,96541.64,3,18,0.68
14,60176.97,9,12,0.21
15,159011.34,12,6,0.4
16,66415.0,13,14,0.41
17,107735.75,8,13,0.51
18,6045.44,12,7,0.7
19,31030.7,9,13,0.78
20,2000.0,14,1,0.44
21,122153.05,14,3,0.55
22,160560.21,10,2,0.71
23,134216.77,8,7,0.59
24,2000.0,3,14,0.94
25,83818.94,3,1,0.54
26,57693.26,3,9,0.2
27,33618.22,8,5,0.99
28,27756.33,13,15,0.29
29,98964.09,14,18,0.41
30,46039.13,3,7,0.25
31,70487.74,8,5,0.67
32,24918.86,2,1,0.72
33,91462.17,2,17,0.63
34,42418.08,7,10,0.65
35,64393.85,4,16,0.36
36,2000.0,2,4,0.23
37,204704.85,3,5,0.92
38,101744.69,1,14,0.53
39,127189.41,11,2,0.74
40,25949.69,13,19,0.89
41,99245.59,7,15,0.87
42,29609.73,3,11,0.31
43,2000.0,8,9,0.91
44,168462.2,7,16,0.21
45,2000.0,12,12,0.35
46,166380.14,2,4,0.49
47,85294.15,14,18,0.55
48,138434.31,6,4,0.51
49,171699.73,10,17,0.61
50,48769.21,3,13,0.86
51,51406.91,5,16,0.66
52,2000.0,1,9,0.42
53,92448.37,3,7,0.76
54,54550.28,9,12,0.41
55,91580.49,3,19,0.42
56,137876.11,13,12,0.24
57,13022.08,7,15,0.84
58,18586.86,8,6,0.79
59,189819.99,1,9,0.74
60,38579.42,7,13,0.29
61,186021.47,12,19,0.45
62,16145.32,3,1,0.28
63,33848.03,4,14,0.78
64,94649.75,7,13,0.98
65,76241.77,3,13,0.67
66,48325.26,6,15,0.58
67,163385.85,9,9,0.33
68,2000.0,1,12,0.98
69,6367.83,3,7,0.26
70,158038.71,8,6,0.92
71,202100.55,12,7,0.32
72,101492.4,10,7,0.67
73,118644.62,5,19,0.41
74,89233.47,3,11,0.93
75,16147.39,9,10,0.42
76,2000.0,6,5,0.37
77,17588.08,4,10,0.46
78,121928.94,13,3,0.44
79,27138.9,14,12,0.69
80,103264.1,2,9,0.97
81,2000.0,7,18,0.28
82,123820.65,14,18,0.75
83,2000.0,4,13,0.27
84,138707.47,11,2,0.87
85,204426.72,3,12,0.74
86,32821.76,7,8,0.58
87,30937.75,5,10,0.6
88,212251.17,3,10,0.53
89,50506.28,5,8,0.86
90,2000.0,11,12,0.71
91,53404.19,5,14,0.82
92,62685.49,8,15,0.85
93,40544.7,1,18,0.91
94,82953.43,3,1,0.28
95,71380.43,12,13,0.82
96,70095.17,3,6,0.35
97,2000.0,7,4,0.41
98,148680.76,14,15,0.34
99,2000.0,1,2,0.3
100,65883.57,1,2,0.75
101,49244.67,2,15,0.63
102,120992.74,10,17,0.82
103,109676.11,4,16,0.62
104,98033.93,7,6,0.24
105,205923.94,6,11,0.46
106,2000.0,3,10,0.35
107,203468.67,11,12,0.51
108,2000.0,8,11,0.84
109,3986.2,10,4,0.79
110,106320.08,5,18,0.6
111,21776.96,3,2,0.78
112,183653.12,12,19,0.34
113,2000.0,5,11,0.99
114,95628.3,4,13,0.41
115,241079.38,6,5,0.58
116,128430.17,4,5,0.45
117,172143.28,11,10,0.9
118,135843.42,13,10,0.52
119,83458.04,5,6,0.44
120,48639.54,8,15,0.4
121,158155.42,8,16,0.28
122,88259.72,3,3,0.77
123,2000.0,11,19,0.3
124,2000.0,1,9,0.95
125,72632.88,13,1,0.85
126,85747.8,2,8,0.39
127,120120.6,1,8,0.36
128,95603.64,11,15,0.21
129,53618.0,13,10,0.22
130,44274.61,6,17,0.76
131,61447.67,6,16,0.81
132,53835.4,13,16,0.25
133,57154.2,2,5,0.5
134,3832.08,5,14,0.55
135,77123.67,7,10,0.85
136,119655.16,7,16,0.21
137,2000.0,4,16,0.75
138,139600.07,12,10,0.94
139,52327.72,13,3,0.47
140,104996.05,10,3,0.67
141,96807.44,13,5,0.28
142,2000.0,6,18,0.2
143,151101.18,2,13,0.56
144,3781.48,5,3,0.37
145,127900.88,4,18,0.36
146,90534.32,4,1,1.0
147,57170.66,5,12,0.22
148,30992.16,12,19,0.21
149,6606.79,9,7,0.25
150,165477.66,10,14,0.6
151,19285.08,8,17,0.52
152,106929.1,1,2,0.47
153,133731.53,11,12,0.92
154,2000.0,10,13,0.92
155,2000.0,4,5,0.62
156,2000.0,12,12,0.86
157,83479.18,2,9,0.22
158,88003.98,10,9,0.61
159,50200.59,1,12,0.81
160,59376.58,3,19,0.81
161,109981.15,11,18,0.71
162,155591.37,10,18,0.96
163,69202.6,9,12,0.25
164,119139.59,4,7,0.35
165,113410.96,5,19,0.74
166,2000.0,8,12,0.65
167,63353.0,5,13,0.65
168,4652.03,13,4,0.95
169,2000.0,9,11,0.33
170,14609.38,13,16,0.57
171,208580.42,14,16,0.24
172,51814.13,9,10,0.64
173,43490.37,11,9,0.62
174,19527.93,6,16,0.39
175,142850.82,2,6,0.97
176,2000.0,1,14,0.56
177,77608.13,14,15,0.63
178,36326.92,2,2,0.34
179,104087.85,8,19,0.61
180,2000.0,13,19,0.25
181,94091.22,6,12,0.76
182,154471.84,13,12,0.27
183,32769.56,3,19,0.77
184,92201.57,9,16,0.76
185,6429.24,8,16,0.97
186,211798.76,5,10,0.88
187,55328.36,13,6,0.2
188,139481.14,5,18,0.61
189,25172.4,3,12,0.48
190,2000.0,7,8,0.66
191,44538.89,5,14,0.7
192,106403.6,10,15,0.54
193,37567.34,11,5,0.2
194,131894.5,1,13,0.36
195,39720.55,8,14,0.35
196,88103.19,4,15,0.26
197,2000.0,12,14,0.41
198,97913.2,14,8,0.45
199,31473.32,8,17,0.76
200,23477.05,7,13,0.96
201,102622.03,3,1,0.36
202,23238.21,13,13,0.92
203,129989.47,11,7,0.45
204,42185.04,3,6,0.28
205,136501.8,6,1,0.83
206,150587.36,7,15,0.51
207,20117.84,8,15,0.45
208,78463.6,11,12,0.31
209,85371.32,5,1,0.98
210,84032.21,4,1,0.34
211,36226.22,6,16,0.98
212,2000.0,13,6,0.2
213,126474.83,13,17,0.35
214,90746.84,2,11,0.77
215,12916.37,13,18,0.41
216,149811.55,5,13,0.56
217,10422.76,6,7,0.63
218,64672.97,8,9,0.62
219,174948.84,9,7,0.28
220,2000.0,3,17,0.53
221,11781.23,12,14,0.91
222,95095.55,4,2,0.9
223,184675.03,14,11,0.68
224,131590.01,4,6,0.85
225,106274.08,13,12,0.98
226,102995.11,13,13,0.49
227,81211.27,10,4,0.82
228,89473.44,13,9,0.34
229,97434.06,8,11,0.43
230,124372.71,5,10,0.59
231,19376.0,12,16,0.56
232,42268.63,14,4,0.36
233,27130.69,12,5,0.44
234,8357.47,12,18,0.81
235,64127.25,1,17,0.58
236,101945.6,7,2,0.81
237,203853.21,3,3,0.79
238,89485.69,8,13,0.79
239,182684.11,9,17,0.62
240,228395.96,3,15,0.53
241,123119.16,10,8,0.56
242,105562.79,6,15,0.26
243,7057.57,9,15,0.46
244,77472.3,5,1,0.66
245,67000.9,6,12,0.81
246,129632.91,13,15,0.72
247,94053.21,2,2,0.84
248,82381.12,9,7,0.54
249,2000.0,13,1,0.63
250,67935.91,13,14,0.85
251,118448.98,11,15,0.91
252,84791.06,10,13,0.53
253,206399.63,1,2,0.44
254,190178.25,7,1,0.77
255,42802.66,3,12,0.6
256,44862.69,2,2,0.55
257,137380.1,10,16,0.96
258,76960.48,2,3,0.98
259,74447.01,3,10,0.61
260,81799.38,7,2,0.23
261,79930.84,3,17,0.63
262,2543.91,5,13,0.85
263,103158.21,6,18,0.67
264,9401.3,4,5,0.68
265,53482.66,1,12,0.21
266,81324.89,12,10,0.2
267,44150.54,8,12,0.66
268,69840.4,12,9,0.86
269,12774.92,6,12,0.6
270,34708.03,11,15,0.74
271,115224.11,12,2,0.73
272,7004.97,5,3,0.91
273,85346.05,13,5,0.92
274,152569.67,4,17,0.75
275,143619.68,14,12,0.87
276,136347.01,3,17,0.37
277,2000.0,13,8,0.85
278,26072.01,8,8,0.43
279,2000.0,11,8,0.54
280,18007.62,12,3,0.54
281,42003.64,3,12,0.6
282,74194.39,4,4,0.28
283,5330.81,6,17,0.34
284,106989.63,11,10,0.37
285,166014.8,6,16,0.79
286,38735.33,14,11,0.84
287,57967.76,14,9,0.34
288,97253.83,5,7,0.59
289,82480.29,6,16,0.98
290,47428.18,9,14,0.82
291,25917.82,4,13,0.55
292,55599.88,8,10,0.79
293,95442.39,5,16,0.25
294,42149.22,6,16,0.22
295,2000.0,10,19,0.59
296,84514.91,6,12,0.32
297,175556.98,4,14,0.81
298,99715.17,8,2,0.3
299,54221.9,11,14,0.48
300,2000.0,1,1,0.77
301,2000.0,3,7,0.27
302,144988.71,6,6,0.3
303,140597.33,13,6,0.87
304,2000.0,5,19,0.53
305,85671.65,13,7,0.45
306,188365.35,13,8,0.94
307,85804.63,2,4,0.39
308,44394.76,9,2,0.22
309,93803.34,2,10,0.94
310,87408.34,6,13,0.22
311,68777.98,14,8,0.37
312,197282.67,3,14,0.7
313,160950.74,8,14,0.69
314,81465.91,14,11,0.76
315,173615.33,13,18,0.93
316,2000.0,13,12,0.74
317,12433.16,13,14,0.67
318,2000.0,10,1,0.93
319,2000.0,8,6,0.25
320,120330.44,9,15,0.52
321,55851.37,11,12,0.21
322,7155.28,9,9,0.24
323,82563.69,12,2,0.93
324,121642.18,11,4,0.8
325,176474.9,14,8,0.29
326,161207.22,6,18,0.79
327,106269.43,10,8,0.86
328,99532.75,1,12,0.56
329,138815.78,11,5,0.72
330,233939.09,9,6,0.78
331,55568.66,11,12,0.54
332,139312.3,7,2,0.29
333,53024.25,4,8,0.25
334,57501.49,8,8,0.49
335,59442.4,7,8,0.41
336,37309.34,3,5,0.94
337,107647.83,14,2,0.65
338,2000.0,5,4,0.22
339,2000.0,10,15,0.62
340,98632.61,9,11,0.21
341,197186.43,5,9,0.79
342,121217.4,6,11,0.64
343,138015.57,6,1,0.64
344,176102.31,4,13,0.72
345,150589.43,9,16,0.56
346,33697.42,12,14,0.87
347,87901.74,3,1,0.71
348,198208.28,13,4,0.58
349,88284.7,5,13,0.98
350,2000.0,13,5,0.23
351,129713.31,2,6,0.47
352,14694.08,1,9,0.6
353,2000.0,14,17,0.27
354,117179.79,1,1,0.4
355,4518.81,3,4,0.44
356,132748.3,10,2,0.65
357,2000.0,10,19,0.87
358,24967.84,4,10,0.78
359,29570.42,14,8,0.54
360,121234.31,2,2,0.53
361,72149.61,5,4,0.99
362,206414.6,8,10,0.45
363,111238.79,7,14,0.36
364,69940.46,7,15,0.88
365,48320.36,8,7,0.86
366,161184.15,6,13,0.94
367,138110.98,1,5,0.29
368,58007.34,3,7,0.77
369,43401.62,1,13,0.47
370,81871.3,13,18,0.8
371,179426.12,9,13,0.88
372,54939.88,12,19,0.69
373,35456.82,6,10,0.76
374,73040.18,5,4,0.82
375,6396.65,7,10,0.35
376,84885.35,2,17,0.84
377,62600.41,12,18,0.62
378,2000.0,7,15,0.57
379,63010.89,14,12,0.99
380,2000.0,8,12,0.4
381,2000.0,7,13,0.97
382,2000.0,6,13,0.78
383,182668.44,7,17,0.4
384,126105.86,5,14,0.41
385,96873.83,10,18,0.83
386,169375.96,11,18,0.95
387,222742.62,10,18,0.34
388,130475.64,6,3,0.54
389,36009.21,2,2,0.83
390,80821.76,10,12,0.71
391,109222.08,12,11,0.72
392,146038.76,5,17,0.39
393,22619.05,14,19,0.47
394,88337.52,1,3,0.86
395,64576.86,1,13,0.43
396,96653.15,7,14,0.88
397,28770.61,10,15,0.84
398,41409.0,8,13,0.2
399,2000.0,6,17,0.74
400,2000.0,9,19,0.38
401,73067.51,4,10,0.85
402,156153.97,14,6,0.27
403,123150.12,7,4,0.68
404,189186.31,14,3,0.52
405,110046.28,6,19,0.5
406,29423.71,6,5,0.64
407,155213.01,6,3,0.93
408,182379.84,8,13,0.71
409,2000.0,13,4,0.92
410,122695.41,3,11,0.52
411,64502.68,9,10,0.28
412,132120.52,4,16,0.24
413,52478.47,4,11,0.47
414,103669.34,11,12,0.47
415,145387.22,6,14,0.93
416,144351.24,12,14,0.41
417,155711.39,12,15,0.44
418,87827.14,14,19,0.81
419,26731.43,13,15,0.55
420,28419.25,10,15,0.34
421,123791.47,5,5,0.32
422,120581.26,14,18,0.45
423,205182.53,7,14,0.78
424,96734.74,9,4,0.43
425,54675.69,6,16,0.53
426,82190.0,6,5,0.78
427,122136.59,12,10,0.7
428,168225.94,2,13,0.98
429,228164.44,6,5,0.9
430,14193.62,6,3,0.95
431,63715.7,5,8,0.25
432,52163.12,14,2,0.79
433,52921.83,5,6,0.77
434,18925.31,1,10,0.64
435,167005.22,11,18,0.69
436,3786.09,2,5,0.54
437,34419.62,14,6,0.85
438,119818.78,1,11,0.62
439,59162.56,13,6,0.45
440,22356.24,14,11,0.74
441,152307.06,8,3,0.25
442,88738.95,11,4,0.9
443,22093.34,3,16,0.65
444,2000.0,8,1,0.44
445,87261.1,11,12,0.34
446,192832.08,10,17,0.35
447,87196.15,5,19,0.84
448,20412.75,2,14,0.4
449,18134.44,7,8,0.89
450,205460.51,8,13,0.82
451,250718.86,3,14,0.94
452,61442.07,13,4,0.22
453,127848.06,7,7,0.93
454,169766.98,3,13,0.57
455,117982.2,5,7,0.21
456,84156.19,11,17,0.3
457,2000.0,3,3,0.65
458,116664.6,1,10,0.21
459,62905.71,4,6,0.27
460,45964.3,6,17,0.25
461,117902.22,13,3,0.82
462,61394.07,14,6,0.87
463,2000.0,13,16,0.55
464,164812.96,2,5,0.86
465,115671.57,11,17,0.41
466,24822.38,6,5,0.76
467,65214.76,14,6,0.28
468,65886.2,14,16,0.5
469,43659.2,9,18,0.46
470,78077.46,4,4,0.91
471,50578.89,8,10,0.5
472,2000.0,5,17,0.99
473,93292.71,4,1,0.56
474,45151.99,10,4,0.41
475,139642.67,5,13,0.49
476,138023.93,6,5,0.75
477,66470.39,6,11,0.85
478,97730.7,7,19,0.26
479,168573.61,3,10,0.21
480,20706.78,3,15,0.2
481,81350.78,8,15,0.48
482,2000.0,6,5,0.67
483,216765.0,11,18,0.96
484,38270.64,14,12,0.64
485,40611.94,11,13,0.31
486,87863.31,2,17,0.7
487,71952.48,2,17,0.37
488,2000.0,4,10,0.59
489,27265.58,13,12,0.98
490,2000.0,2,5,0.49
491,53174.21,11,16,0.22
492,46118.47,11,9,0.74
493,38557.52,13,19,0.37
494,89911.72,7,12,0.33
495,73018.34,7,10,0.86
496,49975.31,3,15,0.76
497,3926.06,14,2,0.4
498,15121.95,1,10,0.42
499,169553.67,10,15,0.87
500,82234.64,1,12,0.63
501,2000.0,1,4,0.6
502,10750.2,11,15,0.52
503,71583.02,6,10,0.77
504,48490.49,1,10,0.33
505,73167.15,3,9,0.21
506,112714.55,13,18,0.54
507,81144.88,4,8,0.73
508,33999.69,2,8,0.38
509,136486.14,7,14,0.93
510,141649.75,5,10,0.39
511,64555.48,7,2,0.59
512,76739.81,9,5,0.86
513,82036.46,13,11,0.98
514,78030.23,2,17,0.77
515,30605.57,8,7,0.54
516,49090.98,14,15,0.58
517,68109.03,3,19,0.68
518,123996.23,6,17,0.24
519,14907.27,5,2,0.28
520,58186.28,11,13,0.43
521,77359.67,2,3,0.59
522,59569.28,1,8,0.46
523,60755.22,5,3,0.62
524,22732.58,7,5,0.43
525,50341.66,10,15,0.62
526,40002.28,10,15,0.96
527,111947.86,2,6,0.65
528,11351.21,10,4,0.41
529,122717.45,13,19,0.56
530,21856.94,13,19,0.51
531,59853.1,8,2,0.96
532,12727.92,14,7,0.58
533,151392.57,4,14,0.86
534,23860.67,13,3,0.56
535,20166.3,3,1,0.87
536,16457.77,1,3,0.55
537,145014.99,5,3,0.92
538,59992.36,4,4,0.29
539,2000.0,7,11,0.93
540,53383.33,14,16,0.2
541,2000.0,13,14,0.35
542,39061.34,9,17,0.41
543,73460.29,5,6,0.37
544,2000.0,4,7,0.34
545,136304.93,13,10,0.77
546,125541.96,5,8,0.31
547,46352.33,12,4,0.31
548,48316.33,3,12,0.45
549,64983.06,7,11,0.21
550,151201.48,3,8,0.54
551,151114.08,5,16,0.73
552,2000.0,6,14,0.45
553,34294.38,3,12,0.66
554,62018.24,6,12,0.4
555,112563.87,11,9,0.98
556,90380.93,9,15,0.91
557,114631.6,6,7,0.34
558,6258.92,2,17,0.47
559,62029.1,3,7,0.57
560,5857.82,8,14,1.0
561,178232.7,1,5,0.51
562,2000.0,10,13,0.24
563,96434.36,5,8,0.6
564,38160.02,1,9,0.81
565,50417.8,9,6,0.9
566,85416.88,12,5,0.53
567,59204.93,14,4,0.54
568,63101.16,3,7,0.7
569,81313.33,4,14,0.23
570,99017.12,11,10,0.9
571,2000.0,13,10,0.89
572,80814.42,6,16,1.0
573,2000.0,1,16,0.21
574,163241.14,7,1,0.68
575,105037.74,9,16,0.89
576,50159.79,10,14,0.44
577,41792.29,1,17,0.27
578,100886.41,7,19,0.21
579,182835.55,14,15,0.96
580,92015.71,5,14,0.59
581,23884.23,5,5,0.49
582,53358.98,9,6,0.84
583,2000.0,13,13,0.34
584,60810.42,12,18,0.77
585,6953.49,12,13,0.6
586,97759.44,12,11,0.78
587,2000.0,2,6,0.49
588,169689.37,5,16,0.24
589,123267.17,4,7,0.35
590,99173.25,7,16,0.77
591,138582.42,13,9,0.38
592,135852.47,9,13,0.79
593,33636.27,12,6,0.97
594,2000.0,9,16,0.66
595,74497.36,6,8,0.69
596,78515.86,9,2,0.41
597,71099.64,2,16,0.42
598,109999.22,5,17,0.68
599,118786.96,3,16,0.56
600,218675.54,1,9,0.82
601,118787.09,7,18,0.2
602,2000.0,7,15,0.83
603,36658.7,13,14,0.95
604,92453.8,13,13,0.43
605,31311.11,6,2,0.61
606,9031.07,2,15,0.94
607,2000.0,10,11,0.79
608,106690.02,13,5,0.83
609,111751.01,8,6,0.49
610,103974.86,5,13,0.68
611,46917.18,2,11,0.65
612,25651.42,11,2,0.95
613,119241.43,2,3,0.51
614,108616.34,6,19,0.48
615,2000.0,7,17,0.9
616,133168.29,3,15,0.43
617,2000.0,10,15,0.85
618,47050.46,12,17,0.89
619,2000.0,7,4,0.34
620,50859.28,14,19,0.89
621,85135.68,12,4,0.81
622,63297.62,11,4,0.68
623,49118.05,11,6,0.54
624,79332.88,14,10,0.34
625,98044.94,6,17,0.98
626,126055.4,2,13,0.95
627,143515.33,13,8,0.62
628,35583.54,1,12,0.21
629,134559.56,11,14,0.39
630,2000.0,3,7,0.81
631,134587.0,5,4,0.58
632,74620.16,13,16,0.86
633,84551.7,2,18,0.38
634,131128.58,13,13,0.39
635,101348.98,3,15,0.85
636,113167.03,13,5,0.35
637,64859.06,3,7,0.36
638,41612.67,11,7,0.25
639,83594.79,9,15,0.78
640,99450.64,14,14,0.21
641,43427.94,14,17,0.72
642,89881.09,7,12,0.88
643,55712.28,10,17,0.44
644,147968.28,4,17,0.63
645,64460.93,7,15,0.41
646,227986.78,9,3,0.46
647,48628.84,3,15,0.59
648,36025.95,14,2,0.34
649,94290.28,5,8,0.21
650,29553.69,2,1,0.75
651,27739.24,2,9,0.55
652,196999.73,9,4,0.59
653,146799.94,14,7,0.23
654,105549.47,6,8,0.94
655,178645.81,14,18,0.62
656,2000.0,9,4,0.58
657,74484.4,4,8,0.63
658,2000.0,12,16,0.55
659,72145.66,13,7,0.86
660,15090.32,3,16,0.62
661,82724.55,1,2,0.6
662,72715.86,6,2,0.22
663,71697.05,14,15,0.89
664,2000.0,2,7,0.54
665,164681.41,3,16,0.58
666,127120.74,12,17,0.5
667,74973.01,3,15,0.9
668,215242.29,9,9,0.35
669,81045.16,2,8,0.27
670,55026.68,5,11,0.79
671,129199.43,11,3,0.37
672,22029.38,3,10,0.54
673,159525.41,13,17,0.46
674,130345.09,8,7,0.66
675,86316.72,6,5,0.33
676,89036.15,13,18,0.43
677,22640.12,13,13,0.89
678,32428.27,5,2,0.77
679,44153.7,12,5,0.67
680,113990.72,11,3,0.84
681,166357.61,2,1,0.21
682,105493.89,7,12,0.42
683,2000.0,3,6,0.61
684,84675.65,9,10,0.83
685,16973.74,5,12,0.52
686,130767.11,12,9,0.21
687,82513.76,11,11,0.42
688,238200.15,13,7,0.61
689,103452.56,4,3,0.96
690,91745.72,5,9,0.24
691,147309.18,11,10,0.82
692,49976.47,10,5,0.6
693,85712.76,1,10,0.68
694,48897.96,6,16,0.53
695,119830.48,4,13,0.99
696,68274.55,8,5,0.33
697,87131.5,7,11,0.73
698,99362.14,11,13,0.66
699,144566.46,7,4,0.64
700,50629.0,12,6,0.88
701,132740.85,2,19,0.39
702,23210.55,13,12,0.98
703,86017.38,11,2,0.64
704,67162.67,5,1,0.35
705,2000.0,14,16,0.22
706,100778.76,10,7,0.25
707,44685.35,4,18,0.77
708,135362.14,10,13,0.27
709,27202.14,9,18,1.0
710,110703.86,12,6,0.79
711,77206.21,4,17,0.55
712,109395.04,8,14,0.94
713,2000.0,4,1,0.75
714,259568.63,11,14,0.86
715,34807.77,6,8,0.28
716,73184.47,4,7,0.9
717,149672.46,14,4,0.68
718,53806.04,12,1,0.64
719,64863.2,11,15,0.71
720,66985.58,2,4,0.85
721,120924.69,10,16,0.55
722,119262.44,11,15,0.36
723,86461.97,2,8,0.96
724,139893.06,2,10,0.47
725,2000.0,8,1,0.98
726,2000.0,9,19,0.36
727,116736.19,2,8,0.32
728,2000.0,7,13,0.39
729,98009.06,4,13,0.76
730,71310.44,10,15,0.71
731,2000.0,3,4,0.8
732,96908.79,5,9,0.43
733,154960.92,7,18,0.5
734,33245.13,4,4,0.91
735,38061.38,10,11,0.32
736,167934.7,13,16,0.94
737,2000.0,8,8,0.41
738,151332.03,7,14,0.58
739,2000.0,13,6,0.22
740,63851.87,9,13,0.57
741,195177.18,8,15,0.34
742,91875.65,7,19,0.62
743,147301.35,8,19,0.37
744,93745.69,6,17,0.46
745,115293.23,9,19,0.8
746,79902.28,7,11,0.27
747,28482.79,8,10,0.85
748,93848.94,13,18,0.4
749,98660.9,10,2,0.67
750,19729.47,8,17,0.37
751,83267.93,12,9,0.55
752,35425.56,9,14,0.61
753,19755.22,7,17,0.46
754,136663.11,9,15,0.72
755,223007.42,12,6,0.79
756,73015.71,10,8,0.68
757,86958.9,3,3,0.56
758,72044.14,11,6,0.8
759,87707.06,12,17,0.2
760,44521.72,2,5,0.86
761,48633.6,10,3,0.73
762,25341.13,5,9,0.44
763,66476.28,4,19,0.66
764,8684.16,11,7,0.26
765,168228.92,1,18,0.29
766,28832.14,3,6,0.62
767,80393.03,13,16,0.4
768,87874.71,10,14,0.57
769,45046.61,8,14,0.56
770,40868.95,12,14,0.88
771,28157.59,12,7,0.92
772,45107.22,2,17,0.74
773,5567.85,5,6,0.38
774,74984.49,7,6,0.65
775,184023.84,9,6,0.21
776,149803.37,6,4,0.27
777,2000.0,2,9,0.73
778,72899.5,13,18,0.52
779,115352.01,14,15,0.45
780,10542.1,7,15,0.8
781,56838.63,11,4,0.93
782,25054.7,2,3,0.49
783,129626.14,4,15,0.52
784,2000.0,1,12,0.62
785,177807.8,5,16,0.49
786,102220.42,4,9,0.95
787,137071.99,11,1,0.54
788,126858.6,1,8,0.41
789,2000.0,6,9,0.58
790,95059.8,9,18,0.99
791,2000.0,10,15,0.92
792,4260.73,12,5,0.68
793,90135.34,8,14,0.58
794,2000.0,10,17,0.91
795,207154.42,9,7,0.2
796,2000.0,8,9,0.53
797,2000.0,8,17,0.35
798,64359.85,11,8,0.82
799,97236.35,7,8,0.43
800,136622.93,9,9,0.96
801,129829.89,1,16,0.44
802,25652.17,14,8,0.26
803,41789.29,6,10,0.3
804,124461.02,11,14,0.85
805,69477.0,14,5,0.87
806,74283.05,14,2,0.78
807,96191.46,7,9,0.95
808,38743.96,2,14,0.48
809,86182.44,2,14,0.46
810,115462.92,10,10,0.41
811,65568.23,11,8,0.62
812,95156.63,1,4,0.64
813,84287.35,7,11,0.84
814,60395.99,9,19,0.59
815,50878.43,1,5,0.52
816,103240.64,11,1,0.38
817,2000.0,3,6,0.9
818,165795.67,7,16,0.56
819,77464.45,10,10,0.78
820,63294.23,1,17,0.72
821,114268.47,5,17,0.35
822,36590.8,5,9,0.76
823,121090.53,7,17,0.67
824,41992.79,9,6,0.59
825,38711.78,6,5,0.55
826,225958.18,12,3,0.37
827,126751.25,10,14,0.97
828,119560.46,13,3,0.45
829,164157.39,10,14,0.39
830,10791.8,11,10,0.48
831,41943.52,5,8,0.3
832,147730.85,5,10,0.47
833,2000.0,14,5,0.28
834,16680.55,10,6,0.62
835,87475.69,7,2,0.25
836,115114.4,3,12,0.44
837,170635.45,11,3,0.4
838,92904.12,5,11,0.71
839,109069.21,4,10,0.6
840,34993.28,2,19,0.96
841,103416.71,6,4,0.47
842,35953.4,13,9,0.29
843,164437.6,9,15,0.65
844,93933.17,6,15,0.58
845,74365.79,10,17,0.43
846,149780.06,14,16,0.67
847,80087.77,9,14,0.7
848,39580.59,8,5,0.42
849,185987.43,4,15,0.65
850,108840.88,6,2,0.57
851,100416.55,10,18,0.23
852,34662.85,13,14,0.88
853,185357.4,1,7,0.42
854,67093.57,10,5,0.44
855,191842.91,6,14,0.95
856,2000.0,3,18,0.26
857,167289.57,8,3,0.76
858,2000.0,3,4,0.39
859,25175.92,13,2,0.87
860,132231.92,6,16,0.63
861,76844.1,2,19,0.96
862,2000.0,3,15,0.67
863,116795.93,6,4,0.53
864,148266.61,12,8,0.94
865,60294.87,13,14,0.85
866,58669.13,9,18,0.7
867,37700.89,12,18,0.71
868,83425.52,2,18,0.21
869,2000.0,2,3,0.94
870,45699.78,1,6,0.38
871,121763.55,13,7,0.24
872,2000.0,6,16,0.22
873,82951.88,14,9,0.45
874,68422.76,2,11,0.47
875,55984.51,3,15,0.99
876,89791.64,12,11,0.96
877,150784.86,2,18,0.52
878,60272.27,5,2,0.48
879,94814.36,7,10,0.31
880,12488.13,1,11,0.4
881,151766.28,8,14,0.91
882,130312.94,4,14,0.66
883,127785.82,12,8,0.92
884,179839.18,11,5,0.84
885,92123.63,4,9,0.87
886,52425.91,8,15,0.8
887,139396.8,11,19,0.93
888,82712.65,1,10,0.6
889,94496.03,10,11,0.9
890,2000.0,14,3,0.99
891,68154.85,6,18,0.52
892,61368.45,7,10,0.89
893,2000.0,10,13,0.96
894,85945.73,2,4,0.93
895,2000.0,2,4,0.32
896,11366.76,9,1,0.86
897,130897.89,12,14,0.69
898,118895.16,12,12,0.82
899,184658.67,13,9,0.49
900,119815.87,9,12,0.59
901,43832.18,1,18,0.8
902,109747.06,1,5,0.84
903,118658.63,5,2,0.77
904,88788.54,7,17,0.42
905,8795.2,5,6,0.38
906,118643.22,1,4,0.97
907,76217.73,4,2,0.53
908,111150.01,9,7,0.31
909,15813.26,9,13,0.77
910,2000.0,4,8,0.82
911,94442.09,1,13,0.79
912,58802.29,12,14,0.47
913,2000.0,4,14,0.86
914,61376.19,14,19,0.99
915,117144.99,6,6,0.45
916,57469.46,13,3,0.71
917,2000.0,1,4,0.96
918,177143.24,12,12,0.9
919,83147.44,13,5,0.29
920,126789.72,5,15,0.49
921,61930.0,11,6,0.71
922,85680.35,12,14,0.88
923,35919.73,3,10,0.74
924,137356.15,6,2,0.4
925,7978.48,7,6,0.95
926,165414.69,1,14,0.22
927,58142.59,12,19,0.89
928,201505.47,7,9,0.22
929,2000.0,2,19,0.87
930,159165.31,5,11,0.81
931,88141.41,14,12,0.21
932,36128.27,10,8,0.48
933,2000.0,3,16,0.7
934,105182.92,10,15,0.7
935,42539.74,14,10,0.67
936,12758.51,13,11,0.98
937,63897.87,3,9,0.71
938,84877.49,7,8,0.46
939,92813.57,10,9,0.8
940,2000.0,14,12,0.48
941,90066.39,12,6,0.66
942,44096.73,5,11,0.83
943,87221.51,12,13,0.86
944,2000.0,1,18,0.92
945,82748.48,9,16,1.0
946,84127.81,12,18,0.73
947,54745.94,5,18,0.54
948,2000.0,3,17,0.54
949,79075.25,12,8,0.42
950,22725.91,10,13,0.87
951,2000.0,1,7,0.87
952,30451.31,13,3,0.22
953,2000.0,6,18,0.74
954,2000.0,6,3,0.6
955,2000.0,12,13,0.82
956,139592.85,11,14,0.88
957,184279.1,5,17,0.92
958,105738.08,7,1,0.49
959,58646.02,14,19,0.86
960,150178.7,3,12,0.47
961,113574.76,12,13,0.36
962,2000.0,6,16,0.41
963,21402.78,7,13,0.55
964,89616.13,3,15,0.4
965,106949.99,6,8,0.38
966,31069.95,10,7,0.69
967,87645.71,3,2,0.64
968,49300.94,11,18,0.23
969,78586.68,1,7,0.73
970,63525.32,1,2,0.55
971,93306.25,2,19,0.22
972,2000.0,4,10,0.96
973,78999.72,7,8,0.61
974,98362.7,8,10,0.31
975,110208.85,4,15,0.3
976,124199.24,11,17,0.82
977,135192.2,11,3,0.81
978,164188.55,14,14,0.86
979,132626.67,4,1,0.33
980,13657.68,2,8,0.33
981,171163.01,10,10,0.34
982,113880.86,6,16,0.9
983,107624.94,3,12,0.32
984,71627.48,5,5,0.51
985,157602.19,12,15,0.83
986,105316.02,7,15,0.46
987,73628.73,4,15,0.35
988,58806.33,3,15,0.95
989,87124.89,1,17,0.94
990,29234.17,2,16,0.39
991,61565.23,12,17,0.35
992,162145.67,3,12,0.38
993,60010.74,1,10,0.68
994,2000.0,3,1,0.59
995,78840.9,3,12,0.45
996,86097.8,13,15,0.79
997,57430.46,8,7,0.56
998,2000.0,2,9,0.54
999,98309.05,5,7,0.66
1000,148885.45,7,9,0.52
1001,67164.41,8,14,0.28
1002,21383.26,1,13,0.44
1003,68330.51,10,12,0.62
1004,119952.67,5,10,0.41
1005,190108.59,13,8,0.28
1006,49623.6,4,4,0.5
1007,2000.0,9,13,0.57
1008,44904.2,9,1,0.61
1009,126441.37,4,5,0.28
1010,79551.15,6,19,0.44
1011,86970.1,8,3,0.92
1012,104082.89,9,3,0.51
1013,47243.84,7,7,0.62
1014,125939.75,4,8,0.72
1015,3824.04,12,2,0.65
1016,41633.67,1,7,0.26
1017,2000.0,10,17,0.75
1018,149099.93,13,10,0.37
1019,185068.14,4,13,0.99
1020,45355.87,12,6,0.66
1021,67734.8,14,11,0.63
1022,22569.87,4,3,0.74
1023,107294.52,4,18,0.84
1024,2000.0,11,10,0.48
1025,79287.41,2,14,0.57
1026,112196.7,5,1,1.0
1027,89760.32,6,14,0.96
1028,2000.0,10,9,0.6
1029,68444.95,13,14,0.7
1030,115956.55,7,7,0.31
1031,125538.9,4,13,0.61
1032,106884.7,2,18,0.66
1033,53524.23,8,15,0.97
1034,97437.29,1,12,0.28
1035,96437.83,13,19,0.88
1036,57900.9,4,12,0.61
1037,176778.69,10,4,0.28
1038,123754.22,10,15,0.57
1039,132523.72,5,19,0.3
1040,2000.0,10,17,0.65
1041,127529.81,4,14,0.81
1042,109472.9,9,15,0.38
1043,72454.26,5,9,0.4
1044,2000.0,10,6,0.85
1045,23253.7,5,14,0.42
1046,79355.45,7,17,0.27
1047,136382.45,3,18,0.66
1048,37267.88,6,14,0.6
1049,53795.11,7,5,0.71
1050,80089.59,4,14,0.24
1051,120261.07,13,13,0.46
1052,144079.87,1,5,0.9
1053,84357.64,1,15,0.41
1054,166394.03,5,16,0.3
1055,58048.02,11,13,0.91
1056,71041.72,9,5,0.95
1057,91827.1,10,5,0.84
1058,91258.27,3,7,0.46
1059,89613.82,9,4,0.83
1060,13092.65,10,7,0.66
1061,2000.0,1,4,0.56
1062,60419.99,2,8,0.93
1063,117084.11,1,12,0.76
1064,100791.62,12,13,0.87
1065,86711.42,8,11,0.91
1066,72147.18,10,15,0.51
1067,199886.17,2,10,0.51
1068,97744.16,13,15,0.96
1069,55583.65,13,17,1.0
1070,170546.66,5,9,0.44
1071,152790.75,13,6,0.66
1072,111973.5,4,17,0.75
1073,55312.48,1,16,0.23
1074,47130.71,14,17,0.66
1075,39570.72,2,9,0.8
1076,66926.2,5,6,0.25
1077,26364.3,12,5,0.66
1078,151846.48,12,9,0.24
1079,2000.0,7,10,0.48
1080,228274.82,14,2,0.51
1081,38261.05,1,2,0.36
1082,89159.5,3,17,0.63
1083,2000.0,13,1,0.72
1084,144630.59,2,2,0.61
1085,43472.21,10,3,0.25
1086,109169.18,4,18,0.98
1087,109748.46,11,10,0.41
1088,51684.93,11,2,0.6
1089,178723.12,2,19,0.77
1090,34012.76,2,13,0.43
1091,40913.45,1,6,0.99
1092,2000.0,1,8,0.33
1093,52235.8,4,12,0.89
1094,61577.1,4,1,0.67
1095,43047.16,2,9,0.61
1096,65111.82,7,11,0.65
1097,54587.4,3,17,0.77
1098,2000.0,11,15,0.96
1099,165992.78,10,14,0.32
1100,84125.69,3,8,0.9
1101,57722.58,7,13,0.65
1102,14657.85,4,12,0.73
1103,2000.0,12,9,0.85
1104,191856.22,1,4,0.99
1105,72472.37,12,15,0.25
1106,2000.0,2,4,0.82
1107,18676.18,14,4,0.66
1108,22193.64,13,19,0.33
1109,139560.38,6,7,0.81
1110,143434.44,12,16,0.65
1111,47207.06,9,16,0.45
1112,117328.3,4,6,0.67
1113,61152.79,8,7,0.39
1114,95611.1,6,7,0.36
1115,68296.3,2,14,0.87
1116,167933.94,14,7,0.67
1117,68103.52,9,8,0.21
1118,88143.98,1,6,0.54
1119,2000.0,3,15,0.85
1120,105567.76,14,8,0.43
1121,102845.35,13,8,0.65
1122,172740.42,11,6,0.42
1123,146474.15,2,13,0.67
1124,105632.01,8,4,0.83
1125,136389.81,10,16,0.52
1126,143418.34,5,8,0.23
1127,43203.93,1,15,0.42
1128,52418.11,2,17,0.3
1129,17978.48,9,1,0.4
1130,75330.33,4,1,0.65
1131,178563.55,3,9,0.47
1132,22420.2,12,13,0.25
1133,98754.59,10,11,0.25
1134,118690.48,10,5,0.74
1135,181199.08,3,19,0.82
1136,38591.55,6,15,0.54
1137,2781.17,14,18,0.99
1138,106873.57,11,5,1.0
1139,118214.48,13,6,0.38
1140,51492.48,9,4,0.28
1141,59129.12,14,15,0.57
1142,179941.03,8,18,0.75
1143,33091.17,7,13,0.51
1144,87279.15,5,4,0.61
1145,117785.64,10,12,0.3
1146,99781.98,1,7,0.34
1147,62629.21,8,18,0.75
1148,39601.07,11,16,0.29
1149,93569.83,6,5,0.27
1150,93548.25,13,2,0.24
1151,75535.15,1,4,0.92
1152,75788.82,5,12,0.9
1153,63912.64,10,17,0.28
1154,53439.95,2,4,0.87
1155,2000.0,9,5,0.76
1156,2000.0,5,9,0.73
1157,2000.0,13,6,0.78
1158,164639.45,9,7,0.22
1159,110274.68,6,16,0.22
1160,129228.72,6,7,0.64
1161,84383.56,4,7,0.74
1162,34066.97,1,15,0.27
1163,83509.97,3,13,0.97
1164,134907.88,6,15,0.38
1165,57625.82,9,11,0.93
1166,115391.1,2,14,0.46
1167,141169.49,5,12,0.55
1168,151502.95,3,14,0.8
1169,2000.0,3,18,0.6
1170,205411.09,14,1,0.97
1171,137189.22,14,2,0.36
1172,38543.55,5,7,0.88
1173,183215.92,11,4,0.99
1174,58713.21,3,10,0.33
1175,24430.2,7,10,0.78
1176,7433.88,14,14,0.85
1177,18398.37,6,5,0.37
1178,69694.52,3,9,0.35
1179,81216.35,3,18,0.65
1180,76731.3,7,1,0.98
1181,71948.58,7,19,0.58
1182,37651.37,7,12,0.78
1183,37755.89,13,8,0.23
1184,196441.46,1,7,0.64
1185,12599.64,3,19,0.26
1186,45370.25,5,10,0.4
1187,123867.6,3,10,0.88
1188,160239.97,2,19,0.48
1189,122995.59,10,18,0.41
1190,62788.47,1,14,0.84
1191,129208.62,4,1,0.55
1192,51935.68,10,1,0.96
1193,115759.09,2,13,0.48
1194,98720.63,8,10,0.83
1195,37019.12,6,1,0.98
1196,154003.52,8,18,0.94
1197,54174.34,2,4,0.45
1198,200508.38,2,8,0.9
1199,51002.47,12,10,0.84
1200,116026.19,2,3,0.28
1201,6810.7,10,1,0.56
1202,213710.7,9,17,0.82
1203,133077.11,8,7,0.31
1204,146057.32,7,8,0.44
1205,15078.93,6,18,0.7
1206,59679.86,3,14,0.38
1207,148969.24,6,5,0.56
1208,2000.0,6,6,0.28
1209,67034.99,8,16,0.87
1210,43867.68,11,13,0.54
1211,98227.87,1,8,0.64
1212,2000.0,5,19,0.68
1213,156186.74,1,1,0.86
1214,65234.81,9,5,0.67
1215,2000.0,14,8,0.84
1216,127742.87,5,13,0.74
1217,141623.63,13,5,0.81
1218,41127.66,8,17,0.21
1219,90930.24,3,17,0.69
1220,133512.66,14,3,0.62
1221,78439.19,14,18,0.2
1222,148166.67,10,1,0.64
1223,21801.15,6,18,0.28
1224,50281.16,8,3,0.5
1225,2000.0,8,17,0.88
1226,2000.0,9,12,0.38
1227,48325.82,9,11,0.97
1228,22123.99,14,14,0.92
1229,147405.64,7,13,0.21
1230,120619.65,1,16,0.46
1231,113191.56,7,12,0.99
1232,85202.55,1,15,0.81
1233,91231.04,12,1,0.23
1234,63762.4,2,15,0.69
1235,19847.26,8,14,0.79
1236,153169.58,8,9,0.74
1237,63934.33,3,4,0.72
1238,2000.0,12,7,0.37
1239,161819.17,14,14,0.21
1240,108585.98,11,10,0.53
1241,78911.95,3,15,0.59
1242,97597.07,2,19,0.28
1243,113770.4,14,15,0.43
1244,71099.17,6,12,0.42
1245,115223.45,4,5,0.78
1246,80392.92,8,10,0.9
1247,59087.12,5,3,0.52
1248,139786.71,10,5,0.93
1249,44713.44,14,19,0.29
1250,91561.14,2,1,0.99
1251,34962.39,8,7,0.75
1252,62027.04,3,13,0.73
1253,10706.36,1,18,0.85
1254,3015.68,11,5,0.25
1255,113425.88,1,19,0.4
1256,14508.25,10,2,0.63
1257,115664.62,10,9,0.58
1258,46940.58,10,11,0.47
1259,50922.29,8,15,0.32
1260,88605.06,1,9,0.54
1261,7385.77,9,3,0.75
1262,94740.12,5,16,0.21
1263,58184.73,6,2,0.56
1264,93248.06,1,1,0.86
1265,101657.85,1,19,0.95
1266,125108.48,9,10,0.9
1267,52539.38,8,17,0.2
1268,144288.56,14,2,0.63
1269,211134.66,11,18,0.63
1270,111323.04,12,19,0.23
1271,63897.72,12,18,0.34
1272,101397.78,11,2,0.66
1273,44550.9,9,13,0.95
1274,154702.46,8,6,0.87
1275,218338.21,10,11,0.72
1276,19065.12,7,18,0.25
1277,63369.73,4,16,0.49
1278,77403.22,12,8,0.98
1279,15441.58,12,4,0.93
1280,26076.1,1,16,0.32
1281,153882.76,5,18,0.57
1282,97362.46,4,15,0.57
1283,163839.85,11,4,0.38
1284,99444.05,14,18,0.9
1285,113581.94,3,7,0.4
1286,149615.51,6,1,0.31
1287,209931.29,9,18,0.74
1288,143277.24,6,4,0.52
1289,40687.02,8,15,0.84
1290,73854.52,7,18,0.38
1291,84873.53,8,2,0.25
1292,71118.71,9,5,0.46
1293,194376.26,2,18,0.44
1294,89295.86,9,14,0.81
1295,103818.1,7,12,0.35
1296,106408.87,2,16,0.99
1297,99295.07,13,19,0.52
1298,86990.48,3,5,0.33
1299,167505.96,14,16,0.99
1300,84882.56,7,4,0.91
1301,52152.64,11,5,0.42
1302,2000.0,13,18,0.86
1303,35837.36,5,9,0.47
1304,11002.05,11,16,0.52
1305,5052.38,8,13,0.4
1306,54633.04,4,13,0.26
1307,117643.52,6,5,0.84
1308,73764.83,5,13,0.71
1309,77431.73,9,19,0.29
1310,148326.85,4,15,0.44
1311,146494.31,13,11,0.44
1312,190492.97,3,2,0.51
1313,183768.02,3,14,0.82
1314,26624.31,10,5,0.92
1315,102218.04,11,17,0.6
1316,28589.78,8,19,0.6
1317,55484.6,13,19,0.28
1318,16548.66,3,5,0.27
1319,144433.65,6,3,0.26
1320,57635.91,5,8,0.75
1321,202044.14,13,8,0.59
1322,104681.42,13,18,0.26
1323,184807.24,12,1,0.42
1324,2000.0,3,6,0.51
1325,62534.2,3,17,0.68
1326,22974.93,4,14,0.82
1327,62093.68,14,8,0.79
1328,60874.18,12,10,0.99
1329,157976.51,5,7,0.9
1330,85261.12,12,12,0.71
1331,180855.79,4,10,0.28
1332,109456.8,9,1,0.68
1333,66992.59,10,11,0.65
1334,54292.94,4,4,0.28
1335,58334.34,9,7,0.77
1336,57730.25,9,10,0.98
1337,35559.18,14,17,0.39
1338,50447.45,5,18,0.36
1339,111556.24,12,1,0.95
1340,94633.46,2,3,0.88
1341,80602.51,4,2,0.41
1342,128635.04,14,7,0.74
1343,38243.82,4,6,0.87
1344,199541.94,1,10,0.59
1345,109469.17,6,5,0.89
1346,2000.0,2,12,0.78
1347,50936.57,3,16,0.55
1348,45092.24,13,6,0.62
1349,93016.66,6,14,0.37
1350,119287.48,12,19,0.38
1351,81974.87,9,2,0.29
1352,96070.17,14,13,0.87
1353,2000.0,8,1,0.78
1354,75011.99,2,3,0.9
1355,110261.9,11,14,0.53
1356,47522.05,14,7,0.73
1357,18066.6,1,19,0.25
1358,88264.63,12,15,0.27
1359,102245.45,5,4,0.22
1360,146391.5,9,3,0.79
1361,62497.27,10,2,0.37
1362,56189.64,8,3,0.65
1363,84206.2,2,19,0.39
1364,81677.28,8,3,0.27
1365,171475.58,1,17,0.64
1366,102047.88,14,8,0.28
1367,83671.27,1,3,0.24
1368,75417.14,5,4,0.87
1369,135066.09,8,2,0.46
1370,61376.23,13,4,0.7
1371,190919.78,12,19,0.7
1372,2000.0,1,7,0.44
1373,161647.18,11,3,0.34
1374,27181.03,6,11,0.35
1375,118231.0,14,15,0.7
1376,30433.01,7,4,0.21
1377,173924.62,14,19,0.75
1378,25786.84,2,6,0.98
1379,100298.95,7,1,0.36
1380,11937.13,6,1,0.42
1381,2000.0,10,1,0.25
1382,2000.0,13,14,0.24
1383,106675.52,8,6,0.29
1384,106030.11,11,6,0.8
1385,30006.03,4,17,0.61
1386,93955.17,3,4,0.34
1387,78143.28,6,10,0.32
1388,87232.34,7,16,0.32
1389,118788.61,12,14,0.81
1390,89956.75,2,6,0.68
1391,92199.3,12,3,0.37
1392,38937.09,14,18,0.97
1393,169003.6,1,15,0.91
1394,2000.0,4,15,0.83
1395,115038.55,7,18,0.63
1396,83280.94,14,1,0.84
1397,31485.73,11,6,0.37
1398,102143.19,7,11,0.29
1399,136699.35,13,19,0.31
1400,104822.76,8,8,0.47
1401,99601.37,7,14,0.25
1402,5852.52,9,1,0.34
1403,81833.0,5,1,0.93
1404,111646.85,1,15,0.44
1405,80879.84,14,15,0.59
1406,2000.0,2,17,0.27
1407,3374.93,8,19,0.28
1408,15008.69,1,10,0.53
1409,73366.38,11,18,0.54
1410,189891.72,1,3,0.91
1411,167284.97,9,8,0.91
1412,192845.67,9,16,0.97
1413,79963.49,12,19,0.63
1414,151797.63,6,15,0.75
1415,160680.92,5,2,0.4
1416,135515.33,12,14,0.55
1417,216454.41,8,17,0.56
1418,100110.53,7,18,0.26
1419,27531.19,5,12,0.34
1420,2000.0,13,6,0.43
1421,30967.94,9,19,0.62
1422,133425.12,12,13,0.91
1423,73263.45,6,12,0.43
1424,29778.79,11,7,0.77
1425,51286.74,14,2,0.39
1426,110939.64,14,3,0.98
1427,99760.61,6,1,0.71
1428,24863.64,4,3,0.43
1429,74407.76,14,15,0.93
1430,36835.27,4,2,0.2
1431,53857.35,10,14,0.61
1432,78027.53,14,14,0.29
1433,115465.43,8,10,0.89
1434,70615.44,13,9,0.98
1435,95838.46,5,3,0.79
1436,2968.77,13,12,0.97
1437,140109.87,6,5,0.67
1438,104030.18,10,18,0.96
1439,112423.04,6,12,0.4
1440,196176.63,10,2,0.29
1441,11294.78,6,7,0.28
1442,131515.43,7,17,0.8
1443,162675.8,1,4,0.54
1444,30953.37,4,9,0.96
1445,64595.93,1,15,0.87
1446,150698.09,6,10,0.73
1447,2000.0,6,19,0.67
1448,122848.08,12,7,0.4
1449,2000.0,10,13,0.36
1450,180373.61,9,18,0.82
1451,67044.18,8,17,0.62
1452,34883.38,1,18,0.96
1453,149065.84,10,3,0.87
1454,107323.52,4,7,0.42
1455,76265.57,14,16,0.86
1456,2942.85,14,3,0.28
1457,112430.15,7,14,0.48
1458,166778.46,13,3,0.93
1459,70683.84,3,13,0.36
1460,55625.97,2,15,0.5
1461,152598.27,6,3,0.84
1462,94182.46,13,13,0.23
1463,72207.9,14,1,0.67
1464,57227.03,13,4,0.46
1465,114160.35,3,7,0.23
1466,83160.33,2,15,0.64
1467,94717.5,7,12,0.36
1468,5449.95,14,8,0.69
1469,186065.44,6,4,0.95
1470,19284.36,13,19,0.91
1471,32211.16,14,15,0.63
1472,2000.0,2,16,0.81
1473,69691.37,4,15,0.31
1474,71202.09,6,8,0.63
1475,62328.67,13,15,0.52
1476,40898.78,2,10,0.75
1477,2000.0,3,5,0.7
1478,153003.41,7,13,0.97
1479,48848.9,9,17,0.89
1480,14404.64,13,5,0.88
1481,54705.06,12,6,0.26
1482,142703.37,4,15,0.61
1483,15759.9,7,17,0.28
1484,48340.77,1,7,0.6
1485,93085.57,14,11,0.32
1486,122548.23,13,9,0.35
1487,2000.0,3,6,0.87
1488,56770.94,1,16,0.54
1489,71454.76,3,1,0.53
1490,135426.67,3,10,0.29
1491,154546.24,9,10,0.55
1492,64598.3,8,17,0.42
1493,166646.73,1,9,0.62
1494,37113.89,14,14,0.47
1495,2000.0,7,16,0.3
1496,17078.8,6,7,0.78
1497,2000.0,2,6,0.92
1498,37624.02,12,6,0.96
1499,2040.58,2,4,0.66
1500,58138.71,3,3,0.22
1501,69358.61,8,9,0.31
1502,91607.92,10,3,0.45
1503,194038.94,13,6,0.82
1504,103597.71,13,5,0.83
1505,118100.88,13,15,0.43
1506,132409.29,6,2,0.63
1507,87622.56,10,14,0.46
1508,20326.45,13,8,0.98
1509,28410.47,5,10,0.61
1510,157975.31,8,6,0.63
1511,102939.82,14,4,0.63
1512,146439.09,2,11,0.22
1513,105119.39,5,16,0.29
1514,29574.72,1,19,0.36
1515,140309.55,9,10,0.47
1516,76830.7,9,4,0.46
1517,2000.0,3,18,0.87
1518,105891.89,8,15,0.74
1519,60579.83,1,13,0.91
1520,86393.71,13,16,0.45
1521,2000.0,11,9,0.24
1522,7192.2,9,9,0.74
1523,2000.0,3,2,0.36
1524,192111.63,4,18,0.73
1525,123611.15,5,17,0.22
1526,74681.13,9,5,1.0
1527,56750.52,11,5,0.52
1528,122750.27,2,2,0.23
1529,97468.29,6,8,0.7
1530,125466.81,7,4,0.83
1531,147537.07,10,15,0.84
1532,90566.79,7,2,0.85
1533,69587.36,2,18,0.73
1534,107913.73,10,6,0.6
1535,133772.1,12,16,0.76
1536,59872.4,5,2,0.25
1537,11705.24,1,12,0.24
1538,36908.07,3,9,0.64
1539,42984.05,10,12,0.99
1540,78456.86,12,4,0.75
1541,219347.69,2,15,0.81
1542,2000.0,6,12,0.48
1543,88397.89,4,5,0.76
1544,107618.45,5,6,0.26
1545,85208.7,5,9,0.8
1546,186640.16,13,12,0.78
1547,137570.31,2,10,0.48
1548,20138.68,2,15,0.75
1549,2000.0,13,8,0.62
1550,96972.99,6,14,0.97
1551,148078.38,14,9,0.52
1552,39684.96,2,10,0.37
1553,119049.36,2,14,0.56
1554,160227.99,10,12,0.83
1555,133532.59,13,15,0.25
1556,93087.46,6,11,0.29
1557,157992.27,8,17,0.37
1558,37157.5,12,16,0.24
1559,95402.61,11,13,1.0
1560,2000.0,9,7,0.51
1561,2000.0,12,4,0.66
1562,80960.41,2,3,0.83
1563,93795.7,1,12,0.37
1564,143253.69,14,19,0.39
1565,147309.65,5,18,0.41
1566,68204.64,5,7,0.77
1567,119198.86,2,8,0.5
1568,68625.58,3,2,0.4
1569,48986.4,2,14,0.94
1570,80375.74,2,7,0.67
1571,120658.23,13,2,0.95
1572,79539.56,9,4,0.53
1573,48296.19,10,13,0.65
1574,58058.78,4,19,0.86
1575,103062.06,12,13,0.54
1576,2000.0,9,10,0.99
1577,98094.33,11,15,0.51
1578,64477.27,7,18,0.24
1579,93253.69,10,11,0.77
1580,114779.08,7,1,0.89
1581,62885.52,1,18,0.78
1582,35423.95,6,9,0.24
1583,97294.21,3,10,0.25
1584,16931.06,5,14,0.68
1585,2000.0,7,17,0.38
1586,154754.83,8,6,0.88
1587,82772.7,7,12,0.45
1588,124936.17,3,2,0.97
1589,25527.87,14,2,0.82
1590,107082.08,14,18,0.49
1591,129953.25,11,6,0.39
1592,68332.42,14,12,0.94
1593,72954.89,6,6,0.64
1594,141973.61,4,10,0.95
1595,48911.96,9,6,0.59
1596,47705.77,1,15,0.91
1597,2000.0,3,9,0.91
1598,108611.12,8,13,0.8
1599,157435.09,8,17,0.5
1600,87938.94,4,7,0.59
1601,128994.14,6,7,0.83
1602,51350.5,14,8,0.91
1603,155284.69,4,16,0.56
1604,155091.73,10,5,0.74
1605,73396.66,11,2,0.35
1606,23137.82,14,2,0.47
1607,203058.24,8,16,0.39
1608,79482.69,10,17,0.65
1609,103396.74,13,16,0.46
1610,84493.26,11,7,0.4
1611,174820.39,10,10,0.9
1612,134994.06,2,9,0.92
1613,70697.08,7,9,0.27
1614,90011.91,1,18,0.98
1615,2000.0,13,14,0.56
1616,136818.49,10,2,0.95
1617,91852.92,2,13,0.83
1618,92054.66,7,16,0.43
1619,77177.39,12,17,0.81
1620,167258.61,14,14,0.71
1621,21570.3,4,11,0.77
1622,35510.27,1,11,0.6
1623,20555.78,7,9,0.6
1624,76147.77,14,16,0.2
1625,60995.71,9,1,0.38
1626,119650.83,8,18,0.92
1627,62762.95,4,4,0.61
1628,141745.47,5,16,0.78
1629,32817.44,9,14,0.97
1630,95473.32,3,17,0.78
1631,58521.99,2,11,0.42
1632,100936.03,13,5,0.74
1633,90471.08,6,12,0.74
1634,113173.74,8,11,0.26
1635,23419.44,1,11,0.35
1636,29729.4,2,1,0.28
1637,160348.92,1,9,0.31
1638,78727.22,9,10,0.59
1639,90661.88,5,12,0.35
1640,32320.45,13,17,0.85
1641,121322.76,11,11,0.95
1642,116584.26,1,8,0.66
1643,120033.14,3,6,0.21
1644,139024.16,6,18,0.42
1645,28953.04,7,5,0.94
1646,36272.59,5,17,0.4
1647,122406.22,2,16,0.69
1648,2000.0,13,18,0.41
1649,145493.6,6,15,0.68
1650,97720.2,9,14,0.44
1651,143140.28,12,8,0.93
1652,2000.0,2,16,0.54
1653,52723.49,10,4,0.59
1654,130739.08,13,18,0.3
1655,47418.68,13,16,0.52
1656,38183.51,8,2,0.59
1657,2000.0,1,9,0.99
1658,35945.6,1,1,0.7
1659,181538.78,12,12,0.61
1660,64416.73,1,18,0.33
1661,17258.3,10,8,0.56
1662,67464.92,3,15,0.31
1663,94895.51,5,9,0.9
1664,82561.84,1,8,0.9
1665,2000.0,11,5,0.44
1666,119590.98,8,10,0.91
1667,135066.33,5,12,0.24
1668,152609.97,13,8,0.45
1669,130627.4,11,13,0.25
1670,98965.27,1,11,0.48
1671,100976.92,12,19,0.57
1672,88009.97,12,8,0.4
1673,94308.21,6,9,0.36
1674,115275.7,14,14,0.81
1675,50157.55,4,2,0.81
1676,128802.26,3,11,0.3
1677,125149.0,5,8,0.62
1678,44713.48,9,19,0.88
1679,113800.13,6,13,0.66
1680,53910.39,4,17,0.58
1681,126028.81,14,16,0.37
1682,117250.5,6,11,0.47
1683,122154.49,6,16,0.79
1684,162225.12,12,6,0.22
1685,10403.56,2,6,0.45
1686,116135.92,2,19,0.47
1687,2000.0,9,18,0.82
1688,129425.58,5,2,0.27
1689,39830.71,14,13,0.26
1690,35548.75,8,18,0.63
1691,52579.17,5,9,0.72
1692,93524.61,10,11,0.66
1693,125788.54,4,15,0.94
1694,135348.87,11,5,0.62
1695,93003.18,2,4,0.81
1696,2000.0,3,10,0.68
1697,66084.56,8,16,0.87
1698,69214.63,2,7,0.21
1699,41960.39,13,13,0.26
1700,58401.89,12,6,0.35
1701,136514.18,4,5,0.64
1702,58338.77,9,10,0.43
1703,80365.76,3,18,0.59
1704,133297.9,10,1,0.93
1705,166660.6,9,12,0.99
1706,2000.0,5,13,0.93
1707,129587.19,10,15,0.37
1708,35301.27,14,11,0.22
1709,45684.29,13,19,0.37
1710,128919.45,12,10,0.73
1711,69297.5,9,19,0.91
1712,27107.52,10,16,0.54
1713,142230.04,14,10,0.21
1714,96088.65,1,10,0.32
1715,40680.35,14,3,0.47
1716,91698.06,13,6,0.35
1717,9378.1,13,1,0.67
1718,173741.27,6,5,0.65
1719,204879.04,8,18,0.87
1720,52334.94,10,18,0.91
1721,197787.08,13,18,0.97
1722,2000.0,9,1,0.37
1723,2000.0,2,15,0.95
1724,91164.11,2,17,0.71
1725,22050.39,3,18,0.65
1726,94203.03,8,1,0.84
1727,68431.63,13,13,0.43
1728,2000.0,1,1,0.23
1729,93519.33,7,16,0.3
1730,160857.03,14,19,0.62
1731,2000.0,13,16,0.86
1732,2000.0,12,16,0.48
1733,135105.1,3,14,0.44
1734,2000.0,11,4,0.28
1735,70747.79,11,6,0.23
1736,85391.5,11,16,0.56
1737,13310.63,4,8,0.41
1738,82816.79,9,17,0.37
1739,178129.44,6,17,0.43
1740,77670.59,1,8,0.81
1741,62062.8,14,16,0.41
1742,27338.67,8,4,0.91
1743,106140.11,5,9,0.61
1744,179495.74,14,16,0.73
1745,35817.63,9,19,0.9
1746,54045.45,8,9,0.82
1747,134221.75,3,2,0.89
1748,51355.8,3,17,0.29
1749,96122.33,1,18,0.6
1750,49104.06,3,1,0.45
1751,72670.87,5,12,0.22
1752,88237.33,7,6,0.85
1753,129524.88,8,7,0.41
1754,2000.0,4,4,0.45
1755,59233.74,14,7,0.55
1756,130978.69,3,7,0.94
1757,79312.65,4,11,0.77
1758,14585.74,11,3,0.72
1759,2000.0,13,13,0.38
1760,115377.98,1,12,0.81
1761,109833.99,12,18,0.57
1762,109708.27,14,19,0.94
1763,62888.69,11,6,0.26
1764,137451.07,3,11,0.59
1765,131619.95,11,7,0.63
1766,2000.0,3,2,0.21
1767,98178.31,11,5,0.92
1768,44650.38,9,19,0.67
1769,93570.08,6,13,0.57
1770,65901.33,4,15,0.96
1771,60703.55,8,7,0.55
1772,108857.28,13,19,0.34
1773,2000.0,3,12,0.85
1774,108755.76,8,12,0.44
1775,72110.49,7,16,0.58
1776,31771.79,4,17,0.78
1777,80088.04,6,13,0.34
1778,2000.0,7,1,0.35
1779,46366.73,11,9,0.39
1780,48175.48,4,19,0.22
1781,92758.47,2,15,0.89
1782,14598.17,7,9,0.4
1783,122495.97,10,1,0.2
1784,126540.52,1,18,0.76
1785,105569.39,6,18,0.35
1786,21176.7,13,13,0.91
1787,111132.61,7,1,0.74
1788,149473.09,9,5,0.65
1789,186406.84,7,11,0.75
1790,91974.24,3,4,0.77
1791,73668.48,4,14,0.97
1792,55983.17,13,4,0.87
1793,52603.71,7,18,0.31
1794,133902.22,7,1,0.45
1795,85155.6,1,6,0.59
1796,110325.17,14,16,0.35
1797,65175.23,13,4,0.76
1798,12219.95,2,7,0.83
1799,41757.74,2,12,0.55
1800,127837.14,11,19,0.96
1801,117133.09,4,10,0.26
1802,147499.23,9,19,0.99
1803,104861.73,11,5,0.62
1804,98545.02,14,13,0.88
1805,7557.24,9,6,0.95
1806,144134.96,7,8,0.44
1807,96019.77,9,7,0.85
1808,62942.71,1,9,0.79
1809,118935.86,7,7,0.81
1810,114736.95,13,3,0.29
1811,91843.71,7,4,0.72
1812,82587.25,1,1,0.92
1813,2000.0,11,11,0.23
1814,105511.07,9,7,0.84
1815,186151.47,12,9,0.69
1816,2000.0,7,16,0.25
1817,30041.84,5,19,0.36
1818,85364.93,9,14,0.43
1819,217709.64,7,12,0.77
1820,72639.32,3,6,0.64
1821,159803.4,11,18,0.51
1822,26755.07,4,18,0.91
1823,120164.49,10,5,0.99
1824,49991.5,10,8,1.0
1825,65622.19,1,1,0.58
1826,66605.11,7,15,0.5
1827,8946.75,9,14,0.23
1828,50078.51,6,8,0.82
1829,116307.98,11,14,0.91
1830,63183.04,3,10,0.64
1831,196997.39,13,18,0.84
1832,89199.51,5,15,0.53
1833,89568.1,2,15,0.53
1834,140269.4,3,5,0.52
1835,41660.9,14,16,0.39
1836,15183.98,2,19,0.69
1837,149124.04,3,4,0.48
1838,9262.8,7,18,0.92
1839,82063.63,9,8,0.93
1840,41466.05,7,7,0.22
1841,59250.71,14,18,0.5
1842,102258.35,4,18,0.38
1843,24314.74,12,9,0.6
1844,146380.14,6,3,0.49
1845,68770.07,4,7,0.31
1846,156575.84,14,1,0.71
1847,2000.0,5,9,0.94
1848,107879.5,14,7,0.35
1849,41862.1,3,5,0.74
1850,2000.0,11,6,0.34
1851,130393.68,2,13,0.72
1852,87965.22,12,10,0.66
1853,189653.8,7,6,0.52
1854,2000.0,8,10,0.81
1855,2000.0,8,2,0.48
1856,146497.11,3,7,0.41
1857,2000.0,12,16,0.63
1858,5469.68,6,15,0.47
1859,11338.81,2,18,0.59
1860,84172.18,14,14,0.57
1861,164826.48,1,19,0.99
1862,55384.64,10,6,0.27
1863,93592.57,3,15,0.87
1864,157874.99,2,1,0.52
1865,58793.06,1,16,0.35
1866,67283.06,14,7,0.77
1867,145967.83,2,12,0.76
1868,58900.39,4,13,0.22
1869,61753.65,3,13,0.91
1870,118853.5,13,2,0.61
1871,6634.98,8,17,0.45
1872,25062.06,6,15,0.35
1873,130912.28,13,7,0.89
1874,176245.89,14,11,0.4
1875,34532.61,6,10,0.96
1876,2000.0,5,5,0.59
1877,14048.53,5,16,0.63
1878,187840.82,6,12,0.58
1879,109377.88,4,12,0.59
1880,135450.9,12,9,0.83
1881,105357.72,6,10,0.63
1882,2000.0,11,1,0.64
1883,8902.88,2,10,0.9
1884,176296.07,4,1,0.27
1885,168266.91,1,7,0.52
1886,97338.0,11,10,0.77
1887,92294.05,7,11,0.24
1888,63441.07,4,2,0.97
1889,59218.82,12,3,0.85
1890,14069.19,5,8,0.42
1891,40723.48,14,8,1.0
1892,57440.4,10,14,0.5
1893,160933.91,9,17,0.52
1894,9198.83,12,3,0.97
1895,153946.79,8,10,0.63
1896,115636.44,14,16,0.25
1897,93945.54,10,2,0.4
1898,77060.26,5,8,0.88
1899,119796.4,2,3,0.95
1900,236148.79,5,2,0.3
1901,108655.33,7,7,0.21
1902,24964.3,8,18,0.28
1903,2000.0,5,10,0.54
1904,32056.84,12,8,0.94
1905,98538.34,9,17,0.9
1906,147840.39,11,15,0.33
1907,93745.01,10,5,0.22
1908,64902.06,1,5,0.98
1909,258061.93,13,2,0.25
1910,105755.7,7,5,0.89
1911,170571.44,14,14,0.86
1912,2000.0,2,17,0.58
1913,2000.0,1,12,0.79
1914,206225.69,10,17,0.27
1915,75110.37,13,11,0.63
1916,126925.68,5,11,0.98
1917,127038.89,9,5,0.85
1918,67408.52,1,16,0.65
1919,22296.66,6,16,0.74
1920,98499.59,6,14,0.3
1921,127871.28,8,16,0.8
1922,66678.55,12,4,0.47
1923,36128.95,4,9,0.84
1924,2000.0,1,2,0.62
1925,61732.52,13,11,0.94
1926,158428.13,3,2,0.47
1927,42224.35,4,7,0.66
1928,6044.66,2,1,0.83
1929,2000.0,11,19,0.76
1930,172989.12,5,9,0.91
1931,213206.75,5,14,0.53
1932,81993.23,12,17,0.43
1933,19622.73,13,10,0.79
1934,92095.04,12,16,0.74
1935,20310.14,12,8,0.62
1936,66453.6,10,7,0.82
1937,62669.13,10,12,0.23
1938,83886.13,8,4,0.26
1939,79423.07,10,7,0.26
1940,122338.52,3,9,0.65
1941,77950.0,3,16,0.46
1942,32136.22,2,18,0.67
1943,68835.61,12,4,0.35
1944,124383.49,7,8,0.22
1945,103523.82,6,14,0.41
1946,2000.0,7,7,0.94
1947,145487.59,1,17,0.49
1948,39531.61,13,13,0.74
1949,174150.42,7,8,0.4
1950,189704.51,4,14,0.4
1951,35053.6,11,14,0.51
1952,31339.41,6,13,0.72
1953,16789.15,4,19,0.38
1954,162402.58,1,16,0.48
1955,75209.05,10,7,0.44
1956,43303.69,4,4,0.83
1957,136371.74,8,15,0.91
1958,2000.0,3,6,0.69
1959,84217.22,8,15,0.95
1960,2000.0,8,9,0.33
1961,148030.37,1,11,0.87
1962,80403.14,4,1,0.91
1963,129121.79,14,2,0.71
1964,134850.73,12,5,0.49
1965,54683.46,6,11,0.64
1966,26494.63,12,9,0.83
1967,122857.04,1,1,0.58
1968,148728.02,12,11,0.36
1969,84217.66,6,3,0.24
1970,80397.59,10,2,0.4
1971,180845.94,13,4,0.27
1972,79865.23,11,14,0.64
1973,129728.21,1,5,0.82
1974,9262.37,3,19,0.99
1975,71270.72,8,1,0.77
1976,75319.34,1,11,0.71
1977,96956.25,8,1,0.94
1978,114689.71,2,6,0.63
1979,12321.27,4,10,0.49
1980,24932.05,9,5,0.96
1981,153932.25,8,17,0.58
1982,106242.36,1,9,0.53
1983,56477.13,1,10,0.71
1984,81699.22,6,3,0.67
1985,69631.2,4,11,0.6
1986,12256.13,7,4,0.82
1987,180538.18,11,16,0.74
1988,68360.31,2,1,0.21
1989,62704.62,5,18,0.84
1990,30524.34,13,1,0.69
1991,60110.04,7,10,0.62
1992,84821.74,4,2,0.47
1993,69151.55,9,8,0.51
1994,37120.15,14,18,0.64
1995,71129.58,8,18,0.38
1996,17116.63,3,6,0.57
1997,173146.85,11,12,0.65
1998,2000.0,7,15,0.25
1999,95221.01,13,3,0.62
2000,2000.0,12,4,0.65
2001,35164.22,1,3,0.58
2002,74368.25,2,5,0.92
2003,88036.51,13,10,0.23
2004,43298.41,4,14,0.48
2005,117782.97,10,3,0.37
2006,6473.32,1,8,0.79
2007,137421.41,2,8,0.49
2008,79728.61,7,13,0.73
2009,2000.0,14,11,0.83
2010,27541.72,13,12,0.3
2011,16763.62,12,6,0.25
2012,123606.38,10,5,0.76
2013,81207.43,14,1,0.53
2014,2000.0,7,13,0.55
2015,2000.0,2,13,0.44
2016,167807.68,13,19,0.24
2017,101237.05,6,19,0.34
2018,2000.0,4,4,0.8
2019,94214.28,7,16,0.42
2020,73865.92,5,15,0.65
2021,6377.82,12,19,0.62
2022,93149.14,10,9,0.37
2023,125841.77,3,11,0.39
2024,136337.05,13,3,0.85
2025,207931.14,4,18,0.55
2026,120136.42,13,4,0.52
2027,118563.03,3,12,0.93
2028,123238.35,4,11,0.9
2029,132478.8,8,10,0.28
2030,42804.13,4,10,0.53
2031,55630.92,13,19,0.54
2032,23181.03,11,19,1.0
2033,163082.16,1,15,0.77
2034,55473.81,7,5,0.85
2035,128381.61,4,16,0.46
2036,41329.12,5,13,0.81
2037,118291.04,11,15,0.34
2038,92763.57,9,3,0.3
2039,210350.34,5,10,0.95
2040,79135.45,9,12,0.32
2041,89014.28,14,19,0.53
2042,63882.72,4,3,0.96
2043,73348.49,8,6,0.7
2044,90390.73,2,4,0.48
2045,180741.49,13,1,0.52
2046,2000.0,7,9,0.48
2047,9386.27,1,19,0.88
2048,177364.77,4,4,0.92
2049,113997.5,11,16,0.58
2050,3753.87,9,9,0.51
2051,43758.21,13,16,0.94
2052,93152.25,2,2,0.47
2053,2000.0,14,11,0.42
2054,91316.88,4,17,0.79
2055,74903.15,11,7,0.74
2056,59861.36,10,17,0.37
2057,82199.66,12,9,0.42
2058,57278.31,2,17,0.35
2059,75742.3,2,6,0.81
2060,131875.83,9,15,0.48
2061,4883.77,3,4,0.2
2062,5408.68,14,15,0.52
2063,2000.0,2,15,0.21
2064,100987.12,6,13,0.31
2065,2000.0,7,10,0.61
2066,89914.44,12,4,0.31
2067,73161.19,9,8,0.35
2068,79328.05,2,8,0.74
2069,45203.85,9,1,0.87
2070,79055.47,5,18,0.86
2071,92924.68,12,16,0.67
2072,70046.44,6,17,0.39
2073,66694.88,5,1,0.62
2074,2000.0,13,8,0.85
2075,71863.93,14,10,0.84
2076,127159.57,13,3,0.75
2077,17424.3,11,14,0.36
2078,102143.12,7,1,0.55
2079,63575.29,6,7,0.3
2080,98100.4,10,15,0.45
2081,144400.41,7,15,0.52
2082,128881.07,9,10,0.48
2083,150685.24,2,13,0.27
2084,12550.04,12,2,0.33
2085,93454.58,2,16,0.57
2086,45262.24,1,3,0.9
2087,2000.0,11,19,0.76
2088,2490.61,9,14,0.89
2089,83072.23,4,13,0.57
2090,6299.07,9,2,0.57
2091,44039.33,2,10,0.59
2092,2000.0,10,1,0.36
2093,146562.81,9,10,0.94
2094,75833.96,4,8,0.85
2095,2000.0,13,16,0.98
2096,25515.98,2,1,0.79
2097,112819.74,10,17,0.27
2098,159677.57,4,6,0.64
2099,2000.0,9,2,0.21
2100,108890.46,9,18,0.47
2101,79101.25,9,12,0.7
2102,198961.1,13,8,0.36
2103,135327.59,13,17,0.39
2104,2000.0,6,19,0.67
2105,62221.82,8,18,0.39
2106,130741.03,7,11,0.35
2107,138015.04,9,15,0.78
2108,36615.61,11,17,0.27
2109,70609.77,4,18,0.99
2110,46895.73,9,8,0.49
2111,87167.4,4,18,0.77
2112,151351.7,3,6,0.27
2113,120196.57,5,11,0.41
2114,95233.23,6,16,0.43
2115,108426.34,6,10,0.53
2116,205683.12,13,14,0.24
2117,131523.99,13,9,0.71
2118,131144.5,2,16,0.85
2119,2000.0,3,15,0.25
2120,74639.85,1,12,0.58
2121,141986.36,7,12,0.36
2122,26949.84,12,6,0.6
2123,21747.03,3,14,0.56
2124,94045.72,7,15,0.92
2125,197770.22,8,1,0.28
2126,38512.34,3,9,0.24
2127,2000.0,9,6,0.52
2128,79815.49,10,13,0.29
2129,24361.56,8,4,0.29
2130,39782.57,7,12,0.73
2131,171974.39,13,9,0.29
2132,128666.41,11,12,0.44
2133,193429.53,10,19,0.97
2134,130420.59,10,16,0.84
2135,29680.54,8,18,0.75
2136,39145.47,9,7,0.99
2137,135494.81,6,9,1.0
2138,156639.37,2,17,0.63
2139,2000.0,10,19,0.63
2140,2000.0,12,4,0.94
2141,153881.16,4,13,0.69
2142,77889.48,13,19,0.91
2143,69681.55,9,5,0.59
2144,23618.88,5,14,0.89
2145,123450.1,3,10,0.52
2146,2000.0,7,16,0.73
2147,57040.68,1,15,0.66
2148,2000.0,9,18,0.71
2149,40210.45,1,5,0.82
2150,2000.0,7,15,0.36
2151,62584.83,1,3,0.68
2152,2000.0,8,18,0.56
2153,82944.0,2,17,0.7
2154,144599.54,11,10,0.69
2155,19951.45,1,9,0.93
2156,116762.38,8,7,0.44
2157,127775.77,5,16,0.36
2158,89978.99,11,11,0.81
2159,124425.27,11,3,0.29
2160,120193.07,9,3,0.64
2161,37805.34,8,6,0.43
2162,131994.65,11,16,0.88
2163,131961.26,9,19,0.3
2164,168477.87,1,16,0.37
2165,2000.0,3,19,0.57
2166,2000.0,8,5,0.39
2167,102087.33,4,17,0.81
2168,232128.77,10,2,0.75
2169,20668.45,9,14,0.94
2170,125933.94,9,7,0.58
2171,36526.11,8,4,0.81
2172,170827.66,2,14,0.94
2173,87144.59,5,13,0.8
2174,2000.0,2,13,0.48
2175,89840.55,8,15,0.58
2176,2000.0,13,9,0.25
2177,157044.82,9,8,0.51
2178,69789.65,14,9,0.87
2179,6722.16,3,16,0.76
2180,131863.49,1,10,0.64
2181,107935.53,14,5,0.64
2182,12497.06,4,15,0.24
2183,108522.23,7,9,0.28
2184,95127.23,4,16,0.65
2185,81159.81,2,10,0.79
2186,121798.68,11,15,0.78
2187,144213.79,10,3,0.97
2188,41088.99,8,2,0.57
2189,112947.6,13,3,0.69
2190,48200.42,2,19,0.4
2191,153634.68,9,6,0.56
2192,171981.01,2,12,0.97
2193,47928.09,8,12,0.79
2194,24658.31,13,15,0.73
2195,97305.14,2,16,0.93
2196,110497.94,10,19,0.36
2197,164635.26,12,5,0.85
2198,3470.08,4,4,0.81
2199,54606.58,4,10,0.6
2200,55551.46,5,8,0.75
2201,96719.77,1,13,0.8
2202,129515.81,3,14,0.95
2203,14629.2,7,9,0.67
2204,2000.0,14,11,0.82
2205,68923.34,14,1,0.73
2206,10537.22,7,9,0.92
2207,34492.16,5,9,0.57
2208,21235.06,12,19,0.95
2209,10154.62,8,16,0.27
2210,2000.0,4,6,0.98
2211,43465.03,6,14,0.9
2212,80474.42,14,12,0.33
2213,49668.17,10,16,0.75
2214,137115.98,8,9,0.7
2215,92040.42,7,1,0.34
2216,95599.81,13,14,0.36
2217,15728.31,14,1,0.95
2218,159992.63,7,19,0.6
2219,96205.06,13,2,0.74
2220,145285.55,14,9,0.31
2221,78678.77,8,18,0.59
2222,84887.66,13,17,0.7
2223,31077.83,2,4,0.57
2224,31720.56,5,4,0.28
2225,61022.21,13,7,0.28
2226,149520.02,4,1,0.7
2227,156638.09,13,5,0.43
2228,2000.0,9,10,0.23
2229,76685.89,10,3,0.31
2230,2000.0,13,1,0.98
2231,145873.79,2,19,0.79
2232,2000.0,3,16,0.47
2233,60007.36,2,6,0.31
2234,44438.06,6,6,0.95
2235,65379.56,11,1,0.36
2236,66741.6,3,18,0.27
2237,45703.85,2,12,0.49
2238,180363.82,7,1,0.59
2239,168042.56,2,16,0.2
2240,32203.25,6,13,0.52
2241,66298.67,5,6,0.69
2242,107783.4,1,6,0.48
2243,106093.88,6,7,0.46
2244,175213.75,6,14,0.62
2245,81368.57,14,10,0.29
2246,32157.95,7,3,0.65
2247,97707.43,4,17,0.97
2248,107508.84,4,2,0.22
2249,37069.23,6,10,0.5
2250,77325.99,1,19,0.47
2251,93185.49,13,9,0.83
2252,2000.0,13,13,0.97
2253,195756.2,10,8,0.55
2254,73833.95,9,3,0.6
2255,142154.97,3,16,0.9
2256,131266.27,6,2,0.37
2257,65847.71,12,16,0.64
2258,142927.67,4,7,0.51
2259,92231.2,4,14,0.79
2260,10973.01,7,8,0.41
2261,15854.32,7,4,1.0
2262,131278.61,10,6,0.47
2263,145901.58,1,8,0.3
2264,51394.94,10,18,0.24
2265,50815.45,6,12,0.25
2266,92914.32,12,15,0.66
2267,73198.71,11,6,0.53
2268,87893.1,5,10,0.49
2269,35201.63,2,6,0.72
2270,53469.94,12,10,0.85
2271,87345.32,10,19,0.55
2272,145044.44,11,3,0.88
2273,55699.34,8,17,0.33
2274,87765.3,5,8,0.88
2275,123635.17,3,4,0.65
2276,134113.84,3,4,0.72
2277,2000.0,14,13,0.47
2278,2000.0,7,16,0.97
2279,70254.92,4,8,0.91
2280,94477.82,6,1,0.93
2281,176281.44,3,17,0.93
2282,57086.68,13,14,0.29
2283,11696.63,10,1,0.29
2284,145475.42,13,2,0.35
2285,22311.69,14,9,0.33
2286,76897.23,11,2,0.98
2287,198896.08,2,12,0.67
2288,184652.59,11,19,0.25
2289,167183.07,9,14,0.72
2290,58877.76,7,12,0.51
2291,151594.54,2,13,0.99
2292,63127.25,10,8,0.63
2293,16368.7,6,13,1.0
2294,25381.27,6,15,0.66
2295,208296.94,9,12,0.88
2296,2000.0,4,12,0.83
2297,100876.53,5,3,0.3
2298,123063.8,10,15,0.87
2299,63766.36,14,5,0.99
2300,74696.01,4,2,0.63
2301,65395.61,1,14,0.81
2302,86914.39,13,7,0.41
2303,89494.65,10,8,0.95
2304,18871.7,3,3,0.75
2305,91394.84,9,6,0.6
2306,76056.26,8,12,0.23
2307,22395.9,6,9,0.84
2308,95710.08,5,6,0.66
2309,63943.05,13,17,0.96
2310,3601.24,10,19,0.58
2311,85916.93,6,7,0.86
2312,105371.54,9,4,0.56
2313,80454.6,9,1,0.36
2314,184431.27,8,15,0.74
2315,66326.94,12,10,0.79
2316,85736.45,2,17,0.75
2317,147627.53,3,9,0.71
2318,30820.46,4,17,0.68
2319,2000.0,5,19,0.75
2320,6506.73,10,6,0.48
2321,123386.7,6,6,0.34
2322,86707.25,8,5,0.63
2323,107549.68,8,15,0.83
2324,13991.46,5,5,0.67
2325,150457.34,10,2,0.84
2326,110852.35,11,9,0.31
2327,114736.1,12,12,0.41
2328,126671.18,1,4,0.39
2329,80350.21,2,7,0.53
2330,133983.22,2,7,0.47
2331,151347.79,6,16,0.75
2332,185366.1,10,5,0.84
2333,83527.33,14,19,0.6
2334,2000.0,3,4,0.84
2335,43311.56,8,2,0.5
2336,26807.07,6,11,0.21
2337,99624.51,2,1,0.94
2338,89278.91,5,9,0.68
2339,119358.97,5,11,0.79
2340,60001.12,8,4,0.45
2341,78628.28,13,10,0.3
2342,99669.62,2,17,0.8
2343,102135.03,4,10,0.67
2344,80699.1,2,6,0.49
2345,118611.06,2,14,0.96
2346,54135.79,5,1,0.9
2347,8636.84,1,8,0.5
2348,56335.97,1,5,0.36
2349,76141.37,5,2,0.96
2350,7235.56,2,12,0.62
2351,144745.15,2,4,0.23
2352,82816.53,4,11,0.48
2353,136240.76,1,4,0.53
2354,2000.0,6,14,0.84
2355,2000.0,11,15,0.92
2356,2000.0,8,13,0.36
2357,136589.55,13,18,0.82
2358,79467.74,1,18,0.52
2359,85607.51,9,15,0.74
2360,103522.67,6,17,0.53
2361,151855.91,9,9,0.83
2362,87728.51,2,9,0.56
2363,133673.22,10,10,0.78
2364,223955.2,12,5,0.52
2365,39720.57,9,13,0.25
2366,51221.52,12,6,0.33
2367,143270.96,1,2,0.69
2368,49569.5,4,5,0.26
2369,31080.97,3,19,0.23
2370,128775.39,3,8,0.34
2371,19165.75,11,8,0.59
2372,123576.33,12,15,0.78
2373,36735.64,8,7,0.43
2374,7923.39,8,6,0.85
2375,32091.65,10,6,0.5
2376,2000.0,3,6,0.23
2377,2000.0,11,18,0.32
2378,11363.99,11,12,0.37
2379,91287.39,10,9,0.45
2380,39120.45,9,17,0.96
2381,159946.63,8,14,0.59
2382,149495.74,2,11,0.84
2383,36856.13,4,11,0.48
2384,76121.24,12,18,0.29
2385,70447.9,2,15,0.59
2386,140776.57,3,7,0.64
2387,128314.39,6,1,0.29
2388,77813.16,7,13,0.87
2389,209124.4,13,12,0.64
2390,187156.63,14,19,0.94
2391,149329.46,10,17,0.66
2392,110220.05,14,12,0.98
2393,2000.0,12,7,0.39
2394,42667.34,8,10,0.24
2395,26123.48,7,10,0.97
2396,78819.15,5,15,0.47
2397,111453.81,14,2,0.2
2398,210227.13,11,10,0.61
2399,223906.96,3,14,0.44
2400,111865.11,6,1,0.92
2401,52118.78,2,11,0.78
2402,97285.43,9,7,0.24
2403,195252.27,7,10,0.38
2404,82878.96,1,1,0.28
2405,2000.0,7,6,0.7
2406,2031.38,5,11,0.96
2407,224623.05,8,3,0.99
2408,109484.02,13,1,0.52
2409,136652.98,3,3,0.37
2410,148530.98,11,17,0.37
2411,72475.07,8,6,0.57
2412,2000.0,1,12,0.24
2413,2000.0,13,9,0.76
2414,129112.92,11,13,0.4
2415,55260.08,14,9,0.59
2416,22398.35,1,6,0.65
2417,38363.48,1,15,0.22
2418,53170.98,13,4,0.83
2419,98022.81,6,15,0.77
2420,59380.62,7,10,0.7
2421,142586.34,4,12,0.34
2422,96675.02,13,16,0.91
2423,86296.12,8,2,0.69
2424,119878.74,7,10,0.75
2425,142208.94,11,3,0.32
2426,2000.0,10,19,0.71
2427,45252.27,11,2,0.92
2428,52530.98,7,15,0.48
2429,2000.0,14,17,0.8
2430,127057.09,11,16,0.54
2431,2000.0,2,8,0.52
2432,149135.04,1,4,0.7
2433,25735.97,11,11,0.66
2434,31052.74,14,17,0.77
2435,143307.63,3,8,0.36
2436,38823.03,6,2,0.9
2437,19061.02,9,4,0.58
2438,18660.77,3,5,0.37
2439,170338.59,14,12,0.67
2440,123982.48,8,14,0.79
2441,75136.29,4,3,0.94
2442,2000.0,3,7,0.41
2443,180056.98,11,4,0.5
2444,32196.99,10,5,0.84
2445,165387.61,12,9,0.66
2446,73330.97,13,12,0.4
2447,137274.77,5,13,0.82
2448,102061.84,10,15,0.83
2449,43324.87,3,11,0.58
2450,124651.16,13,8,0.54
2451,82733.64,9,15,0.25
2452,136673.5,8,14,0.55
2453,155992.54,2,13,0.39
2454,36354.3,1,18,0.5
2455,119559.58,9,10,0.98
2456,24554.37,7,15,0.3
2457,68184.49,14,4,0.52
2458,26384.83,3,17,0.26
2459,2000.0,14,6,0.49
2460,13166.62,9,3,0.89
2461,199610.2,13,10,0.28
2462,89236.91,14,7,0.31
2463,85581.28,11,1,0.86
2464,135055.96,4,14,0.91
2465,76221.38,1,3,0.78
2466,108977.4,2,6,0.75
2467,116582.88,5,12,0.67
2468,96830.0,1,19,0.47
2469,82173.23,14,17,0.37
2470,36505.82,5,12,0.36
2471,81826.37,5,16,0.67
2472,17003.03,10,15,0.64
2473,56077.89,14,11,0.87
2474,84642.46,4,9,0.3
2475,182452.93,12,9,0.88
2476,135002.39,10,12,0.92
2477,68848.8,14,13,0.85
2478,41249.57,8,8,0.46
2479,129128.38,1,16,0.96
2480,64652.52,2,14,0.91
2481,101415.98,10,6,0.56
2482,40796.48,6,5,0.41
2483,2000.0,1,7,0.65
2484,13204.02,7,7,0.92
2485,219982.13,9,15,0.38
2486,104236.42,12,7,0.85
2487,113914.83,3,16,0.54
2488,170854.86,2,7,0.38
2489,109330.75,10,17,0.76
2490,223075.87,11,8,0.26
2491,114424.13,12,13,0.43
2492,69093.25,8,11,0.56
2493,162382.54,6,13,0.49
2494,14822.5,13,7,0.66
2495,81127.9,10,11,0.26
2496,45846.61,7,5,0.97
2497,110699.98,10,2,0.78
2498,141289.7,10,18,0.94
2499,48682.67,4,3,0.47
2500,35173.83,3,17,0.43
2501,70638.74,8,9,0.4
2502,181203.59,11,2,0.9
2503,185588.78,4,14,0.49
2504,86972.1,12,10,0.35
2505,101503.2,7,4,0.71
2506,72915.81,8,12,0.98
2507,5316.63,7,6,0.91
2508,73627.48,11,5,0.69
2509,126370.04,13,10,0.86
2510,131442.28,12,12,0.8
2511,2000.0,6,2,0.95
2512,65530.85,11,9,0.4
2513,148081.16,12,2,0.88
2514,116524.21,14,18,0.44
2515,115000.82,1,13,0.26
2516,60371.78,3,18,0.23
2517,101768.5,4,18,0.31
2518,87191.87,7,11,0.74
2519,72370.64,7,12,0.89
2520,138589.86,10,2,0.95
2521,102070.29,3,1,0.98
2522,91088.85,7,16,0.7
2523,11662.26,4,4,0.51
2524,164832.37,6,17,0.81
2525,46237.08,1,8,0.68
2526,17502.93,5,4,0.69
2527,91345.34,7,12,0.44
2528,2000.0,12,11,0.83
2529,186137.77,13,9,0.61
2530,100944.15,7,15,0.77
2531,88615.39,1,1,0.93
2532,31212.55,9,12,0.72
2533,50678.97,9,2,0.65
2534,255771.21,13,10,0.78
2535,122255.19,10,12,0.64
2536,98591.6,13,14,0.4
2537,110593.73,12,5,0.86
2538,125443.56,3,5,0.93
2539,206620.56,13,10,0.92
2540,42511.33,14,4,0.41
2541,113944.31,3,5,0.75
2542,82150.6,12,19,0.44
2543,30452.77,10,2,0.31
2544,125566.53,9,13,0.71
2545,42505.4,12,3,0.23
2546,66933.95,4,16,0.27
2547,2000.0,11,9,0.78
2548,74153.85,13,10,0.33
2549,100228.72,13,6,1.0
2550,49355.17,4,6,0.66
2551,53888.4,4,16,0.82
2552,27513.43,8,7,0.39
2553,186883.98,13,5,0.86
2554,113996.47,6,3,0.29
2555,123995.42,12,16,0.43
2556,73917.42,3,17,0.22
2557,2000.0,3,2,0.77
2558,118995.13,11,8,0.38
2559,97432.05,14,7,0.26
2560,49682.0,5,10,0.67
2561,80677.17,3,19,0.82
2562,81904.93,7,10,0.39
2563,2000.0,2,6,0.98
2564,37780.62,10,6,0.57
2565,18790.69,3,11,0.53
2566,37074.47,6,18,0.2
2567,47749.38,5,17,0.48
2568,48661.5,7,5,0.32
2569,27379.93,10,2,0.91
2570,67401.56,2,18,0.37
2571,90335.77,12,3,0.97
2572,6321.21,1,5,0.57
2573,123213.44,13,14,0.32
2574,111258.61,12,7,0.8
2575,70468.06,3,12,0.41
2576,143154.78,12,17,0.36
2577,60909.88,5,3,0.26
2578,99759.4,14,11,0.68
2579,67353.52,8,13,0.78
2580,129925.08,1,19,0.21
2581,105793.7,10,17,0.4
2582,181867.35,14,14,0.38
2583,229118.84,3,7,0.82
2584,88167.48,3,2,0.39
2585,25742.37,7,2,0.79
2586,73389.12,5,3,0.37
2587,2000.0,1,15,0.51
2588,171336.75,12,10,0.51
2589,106538.13,4,16,0.59
2590,2000.0,3,15,0.67
2591,38508.19,11,15,0.97
2592,67374.71,9,10,0.8
2593,22587.17,14,14,0.7
2594,70574.73,11,7,0.77
2595,2000.0,10,18,0.39
2596,191096.54,4,5,0.65
2597,65397.9,1,18,0.58
2598,92383.81,12,15,0.78
2599,2000.0,11,3,0.81
2600,125671.76,10,11,0.91
2601,172174.89,6,12,0.72
2602,35558.24,2,1,0.78
2603,228316.03,3,3,0.32
2604,78119.53,13,11,0.29
2605,109628.0,7,6,0.73
2606,101892.08,1,8,0.48
2607,2000.0,7,16,0.77
2608,77567.68,8,12,0.41
2609,37045.57,3,10,0.21
2610,113243.16,14,3,0.76
2611,120616.44,5,9,0.55
2612,18076.56,9,3,0.71
2613,95361.48,4,5,0.56
2614,58937.1,3,17,0.58
2615,85932.15,11,17,0.23
2616,87102.17,10,1,0.93
2617,112916.69,12,2,0.33
2618,45535.85,4,2,0.79
2619,38174.64,11,4,0.75
2620,2000.0,14,18,0.85
2621,61042.16,6,18,0.39
2622,2000.0,12,6,0.68
2623,105625.55,3,12,0.58
2624,44593.5,1,19,0.47
2625,50005.84,4,19,0.53
2626,85404.09,6,17,0.5
2627,18011.83,6,12,0.76
2628,105354.03,7,18,0.25
2629,125243.26,9,3,0.91
2630,123381.37,12,16,0.4
2631,19784.81,11,9,0.31
2632,53068.57,3,16,0.56
2633,24538.54,2,12,0.98
2634,102115.0,1,14,0.22
2635,54740.85,11,6,0.52
2636,85402.5,3,19,0.95
2637,194049.91,2,12,0.32
2638,100451.88,8,16,0.29
2639,82394.4,6,7,0.54
2640,11432.56,13,1,0.53
2641,92267.4,1,14,0.51
2642,165140.83,12,19,0.38
2643,41796.17,4,8,0.5
2644,90429.41,5,6,0.46
2645,61558.1,13,11,0.47
2646,40919.56,8,3,0.45
2647,2000.0,6,15,0.69
2648,135867.93,4,2,0.46
2649,158856.89,9,8,0.51
2650,61786.87,2,16,0.31
2651,151730.67,1,18,0.71
2652,52224.98,3,13,0.39
2653,102641.86,14,7,0.68
2654,67839.22,10,15,0.76
2655,97275.18,14,16,0.41
2656,63968.51,4,18,0.53
2657,38715.6,9,18,0.51
2658,74486.41,14,18,0.53
2659,57104.99,10,15,0.78
2660,104615.54,2,18,0.83
2661,21735.61,1,17,0.71
2662,126707.72,4,8,0.31
2663,98032.85,13,16,0.65
2664,2000.0,11,13,0.59
2665,41102.98,1,1,0.47
2666,90895.24,5,7,0.74
2667,2000.0,13,10,0.21
2668,114125.89,11,2,0.86
2669,182447.95,9,10,0.64
2670,230975.27,8,19,0.78
2671,179506.15,9,3,0.83
2672,142885.56,2,4,0.94
2673,81614.7,4,19,0.57
2674,89732.69,12,18,0.22
2675,80532.41,3,18,0.28
2676,185436.45,5,15,0.46
2677,129782.25,7,16,0.42
2678,3301.23,9,12,0.38
2679,106646.99,4,4,0.29
2680,47812.75,6,4,0.82
2681,150573.54,1,18,0.83
2682,2937.68,9,12,0.79
2683,98353.99,11,13,0.71
2684,78301.54,9,8,0.79
2685,56998.22,3,13,0.54
2686,79755.9,14,10,0.69
2687,45866.58,6,10,0.94
2688,123349.05,6,7,0.41
2689,91774.63,7,5,0.34
2690,85228.7,13,6,0.69
2691,87562.4,2,19,0.21
2692,2000.0,10,10,0.59
2693,46386.7,11,16,0.41
2694,129013.87,5,2,0.31
2695,42571.98,9,6,0.87
2696,132379.28,1,14,0.26
2697,49658.03,10,3,0.93
2698,73396.27,6,1,0.34
2699,87073.57,1,11,0.61
2700,147306.14,4,10,0.77
2701,42206.83,12,3,0.37
2702,100874.96,11,3,0.61
2703,124454.28,2,15,0.98
2704,139084.08,4,7,0.61
2705,68787.36,9,10,0.92
2706,70557.08,6,7,0.96
2707,51408.85,8,12,0.61
2708,205185.3,4,10,0.52
2709,69965.73,3,8,0.67
2710,108107.99,5,1,0.36
2711,118645.94,10,14,0.55
2712,50664.17,4,3,0.82
2713,59166.08,2,16,0.45
2714,113200.38,10,18,0.87
2715,91455.42,12,6,0.32
2716,86428.72,13,11,0.69
2717,228839.06,3,15,0.52
2718,50182.21,13,8,0.66
2719,110544.08,1,18,0.73
2720,151400.99,14,11,0.48
2721,44352.79,12,12,0.99
2722,57439.81,5,5,0.44
2723,70540.84,11,9,0.5
2724,2000.0,13,9,0.21
2725,127050.81,3,12,0.87
2726,131615.04,12,19,0.59
2727,68030.53,5,9,0.55
2728,100601.83,10,15,0.38
2729,160837.21,6,3,0.48
2730,94649.27,13,1,0.48
2731,80819.0,4,12,0.29
2732,86350.16,11,1,0.42
2733,75325.52,5,4,0.78
2734,136622.1,6,19,0.22
2735,209018.65,2,11,0.82
2736,19717.71,11,10,0.7
2737,78528.73,1,8,0.66
2738,16207.8,14,10,0.33
2739,141844.98,14,17,0.25
2740,114313.22,5,19,0.69
2741,75230.12,12,14,0.88
2742,16708.19,14,9,0.85
2743,124688.66,2,3,0.84
2744,12981.18,3,4,0.34
2745,162364.98,8,8,0.22
2746,3874.94,14,11,0.39
2747,74026.96,13,12,0.89
2748,42314.13,2,14,0.97
2749,68547.54,4,9,0.48
2750,2000.0,8,16,0.8
2751,27271.13,8,14,0.33
2752,75273.69,9,14,0.27
2753,89953.49,10,19,1.0
2754,111847.38,12,19,0.76
2755,91256.8,5,3,0.53
2756,137365.46,12,7,0.97
2757,112619.25,10,9,0.22
2758,176113.93,3,5,0.83
2759,124184.07,1,11,0.33
2760,119980.58,12,6,0.93
2761,37894.62,9,15,0.7
2762,145949.39,1,15,0.74
2763,2000.0,6,13,0.92
2764,100817.62,11,2,0.47
2765,127849.15,10,1,0.57
2766,68050.81,5,7,0.44
2767,136684.1,2,11,0.42
2768,14271.8,11,15,0.95
2769,196409.4,3,9,0.83
2770,124537.31,7,18,0.24
2771,143488.17,10,8,0.61
2772,61245.35,10,2,0.3
2773,106280.32,9,15,0.77
2774,111200.26,14,5,0.28
2775,24348.26,11,6,0.81
2776,113828.1,3,7,0.77
2777,153823.27,4,16,0.66
2778,103848.93,9,17,0.46
2779,27251.08,1,17,0.59
2780,37192.97,4,9,0.52
2781,12193.0,11,19,0.71
2782,66479.11,6,17,0.79
2783,2000.0,9,1,0.8
2784,90888.67,8,18,0.24
2785,94022.9,13,6,0.34
2786,42581.48,11,5,0.77
2787,183058.86,7,8,0.35
2788,100470.78,2,12,0.72
2789,38086.82,9,1,0.42
2790,2000.0,13,5,0.94
2791,4998.46,14,11,0.99
2792,98342.07,3,16,0.37
2793,84361.17,1,11,0.25
2794,143609.23,11,2,0.4
2795,109735.74,5,6,0.74
2796,92005.83,14,4,0.7
2797,17348.77,12,7,0.76
2798,130875.73,13,14,0.73
2799,141023.93,12,19,0.25
2800,87533.51,14,8,0.27
2801,105256.07,4,10,0.58
2802,70535.2,7,8,0.31
2803,124896.84,13,8,0.53
2804,99316.19,10,5,0.27
2805,34127.19,11,4,0.92
2806,118754.72,13,15,0.53
2807,112252.75,8,2,0.41
2808,97410.9,11,5,0.96
2809,2000.0,5,9,0.93
2810,62351.26,4,3,0.93
2811,152882.73,5,5,0.98
2812,38980.37,8,16,0.3
2813,119583.35,1,5,0.59
2814,2000.0,8,19,0.21
2815,88597.2,4,15,0.92
2816,34593.18,2,5,0.29
2817,34190.74,10,17,0.6
2818,2000.0,2,19,0.91
2819,75115.24,11,6,0.49
2820,131409.68,11,6,0.86
2821,88997.29,5,9,0.2
2822,34090.63,7,6,0.53
2823,2000.0,13,5,0.78
2824,84775.66,8,1,0.55
2825,88096.37,5,8,0.8
2826,2000.0,2,12,0.95
2827,33713.17,5,13,0.24
2828,60215.81,13,9,0.78
2829,145859.77,3,16,0.56
2830,2000.0,5,6,0.46
2831,182387.75,1,3,0.45
2832,47529.13,12,6,0.74
2833,128379.92,5,14,0.75
2834,115956.3,1,7,0.99
2835,2000.0,8,8,0.25
2836,99087.61,4,6,0.27
2837,32638.86,14,6,0.84
2838,2000.0,12,15,0.37
2839,43204.77,1,3,0.65
2840,59665.49,12,7,0.3
2841,5186.97,1,15,0.66
2842,72048.94,14,13,0.31
2843,73763.07,6,5,0.48
2844,20670.36,9,3,0.86
2845,10675.72,1,12,0.43
2846,48953.5,2,4,0.24
2847,186379.03,13,6,0.24
2848,121352.41,12,6,0.32
2849,2000.0,12,13,0.79
2850,156444.14,7,5,0.38
2851,68110.55,4,1,0.9
2852,73527.52,2,9,0.35
2853,114840.04,8,12,0.3
2854,124846.18,14,9,0.96
2855,127742.05,2,18,0.89
2856,112409.58,10,12,0.54
2857,108055.67,13,1,0.54
2858,182743.56,13,5,0.64
2859,117487.72,4,2,0.27
2860,148138.48,8,2,0.32
2861,188255.31,6,3,0.75
2862,8214.31,3,9,0.75
2863,128933.17,10,10,0.31
2864,27828.66,6,14,0.58
2865,89897.41,13,3,0.98
2866,147925.81,6,11,0.31
2867,74369.26,8,8,0.87
2868,128163.65,14,10,0.25
2869,124197.2,6,19,0.48
2870,159724.49,10,13,0.27
2871,139621.46,5,4,0.43
2872,85314.3,7,18,0.89
2873,2000.0,12,12,0.84
2874,70129.13,4,12,0.46
2875,44292.68,14,12,0.38
2876,145953.72,13,17,0.79
2877,63535.74,2,4,0.45
2878,103686.72,9,12,0.64
2879,46046.26,1,11,0.81
2880,170635.21,7,2,0.51
2881,213089.65,8,16,0.85
2882,131843.48,11,9,0.6
2883,106023.94,9,11,0.97
2884,116734.51,3,1,0.41
2885,95662.4,13,6,0.75
2886,102378.16,12,3,0.96
2887,62586.37,1,8,0.7
2888,37481.59,4,17,0.28
2889,23377.67,14,11,0.46
2890,49698.96,10,14,0.87
2891,160106.28,10,15,0.96
2892,136316.66,9,3,0.99
2893,99147.25,11,5,0.21
2894,151223.07,4,6,0.97
2895,2000.0,6,4,0.21
2896,118254.81,5,18,0.94
2897,193059.01,12,19,0.41
2898,101080.12,4,10,0.66
2899,169409.83,1,12,0.88
2900,7238.53,8,3,0.45
2901,37832.72,4,2,0.97
2902,67071.62,12,4,0.56
2903,120027.64,10,13,0.68
2904,36161.83,8,12,0.38
2905,171033.86,10,17,0.31
2906,2000.0,2,2,0.33
2907,118114.81,7,16,0.5
2908,266544.65,13,1,0.56
2909,56902.01,7,2,0.39
2910,166138.68,9,11,0.92
2911,2000.0,12,13,0.23
2912,83555.79,6,12,0.68
2913,118872.69,5,3,0.38
2914,125858.35,3,11,0.46
2915,127389.18,4,8,0.41
2916,105533.84,11,18,0.98
2917,37545.42,9,18,0.94
2918,54919.76,13,6,0.71
2919,44401.03,9,6,0.49
2920,106982.14,11,17,0.57
2921,146963.4,14,2,0.85
2922,116221.25,5,13,0.3
2923,100188.65,13,18,0.61
2924,36601.7,7,10,0.91
2925,17732.27,4,7,0.89
2926,168604.62,7,17,0.52
2927,11401.06,5,17,0.84
2928,124751.33,2,11,0.84
2929,11331.04,13,9,0.79
2930,67431.97,1,15,0.57
2931,147007.51,12,11,0.73
2932,98355.58,5,10,0.66
2933,120316.38,7,12,0.85
2934,71126.2,11,8,0.43
2935,117884.96,1,2,0.64
2936,62633.97,1,2,0.42
2937,90790.13,6,8,0.31
2938,108549.21,10,7,0.4
2939,54586.92,6,3,0.93
2940,94261.07,3,4,0.41
2941,96023.13,3,9,0.85
2942,108750.38,7,13,0.49
2943,134501.36,11,17,0.89
2944,66028.9,14,13,0.22
2945,81001.37,3,13,0.31
2946,2000.0,9,18,0.46
2947,40296.12,5,4,0.81
2948,100597.86,2,8,0.73
2949,35166.69,12,3,0.39
2950,115760.52,13,7,0.64
2951,42697.3,13,12,0.83
2952,64113.84,12,2,0.28
2953,2000.0,5,17,0.21
2954,147668.6,7,15,0.67
2955,173615.41,5,18,0.4
2956,106215.99,14,16,0.28
2957,83716.23,2,15,0.75
2958,118608.69,14,7,0.59
2959,98153.56,8,6,0.49
2960,61812.17,10,6,0.79
2961,19957.91,13,14,0.7
2962,142584.23,10,14,0.73
2963,50966.84,14,8,0.51
2964,80718.31,2,4,0.93
2965,75045.12,2,7,0.85
2966,62342.65,6,13,0.97
2967,121065.36,14,19,0.87
2968,119607.89,13,13,0.68
2969,71929.09,2,11,0.68
2970,116306.92,1,16,0.66
2971,108305.66,14,2,0.44
2972,45611.16,11,17,0.81
2973,99319.15,11,7,0.84
2974,52100.01,5,1,0.78
2975,33581.61,13,3,0.29
2976,93415.97,4,4,0.31
2977,2000.0,8,19,0.77
2978,50747.33,4,15,0.61
2979,2000.0,13,4,0.46
2980,31081.33,11,2,0.8
2981,194134.07,12,1,0.24
2982,45715.2,11,7,0.41
2983,70404.96,5,17,0.77
2984,48854.84,5,14,0.4
2985,72342.43,14,7,0.93
2986,68945.24,11,18,0.56
2987,25825.5,14,16,0.71
2988,153374.27,5,9,0.58
2989,87645.71,1,19,0.93
2990,84566.33,14,5,0.75
2991,17461.96,12,1,0.96
2992,74304.48,6,4,0.82
2993,39317.61,13,19,0.93
2994,38396.21,8,13,0.39
2995,2000.0,1,5,0.35
2996,34113.9,6,17,0.76
2997,98567.6,14,16,0.8
2998,147283.64,4,11,0.45
2999,32424.12,8,15,0.86
3000,119881.16,5,19,0.47
