customer_id,loan_type,monthly_emi,overdue_flag
2,Auto,4186,0
3,Home,28373,0
5,Home,13738,0
7,Auto,29812,0
8,Personal,11327,0
9,Home,28938,1
11,Auto,39171,0
14,Personal,10419,0
16,Home,28539,0
21,Personal,18866,0
22,Personal,20138,0
23,Personal,36138,0
26,Home,24155,0
27,Personal,35121,0
28,Home,37388,0
29,Personal,34027,0
30,Auto,24480,0
31,Personal,34129,0
33,Personal,36386,0
34,Personal,15188,0
35,Personal,29954,0
36,Auto,31547,0
38,Home,7132,0
41,Personal,38702,0
43,Personal,21724,0
47,Personal,24718,0
48,Auto,22560,0
49,Auto,32579,0
52,Personal,8655,0
54,Personal,9798,0
55,Personal,32309,0
61,Personal,26241,0
62,Home,21628,0
64,Home,7887,0
66,Home,6988,0
68,Personal,21422,0
70,Auto,7761,0
71,Personal,37155,0
75,Auto,34748,0
76,Personal,37224,0
77,Personal,16146,0
79,Auto,21501,0
80,Home,30712,0
86,Personal,19982,0
87,Personal,15306,1
93,Personal,3043,0
94,Home,22841,0
96,Personal,35513,0
97,Home,27746,0
98,Personal,36007,0
99,Personal,20196,0
106,Home,5227,0
107,Auto,15817,0
108,Personal,34157,0
111,Personal,9746,0
112,Personal,37318,0
113,Home,30492,0
114,Auto,17036,1
115,Home,31152,0
116,Auto,32319,0
117,Auto,14889,0
118,Personal,36281,0
121,Home,4471,1
122,Home,10444,0
123,Home,18729,0
124,Personal,39836,0
125,Home,15744,1
127,Home,5529,0
130,Personal,38349,0
133,Personal,18168,0
135,Home,6747,0
141,Personal,20495,0
146,Home,17352,0
147,Personal,16125,0
148,Home,3709,0
152,Personal,39486,0
155,Auto,23384,0
157,Personal,31028,0
163,Home,38564,0
164,Personal,33478,0
165,Home,14882,0
167,Personal,13136,0
168,Personal,3746,0
169,Home,35576,0
170,Home,18079,0
171,Auto,31516,0
173,Auto,17219,0
176,Home,9324,0
177,Home,27603,0
178,Personal,23161,0
182,Auto,13346,0
184,Home,32697,0
185,Personal,28871,0
186,Personal,14996,1
187,Auto,21679,0
190,Auto,37315,0
193,Auto,30338,0
195,Personal,24541,0
199,Home,30799,0
200,Personal,25901,0
203,Auto,11061,0
204,Personal,36646,0
209,Auto,21832,0
210,Personal,37821,0
215,Auto,33992,0
218,Personal,39185,0
221,Home,37883,0
223,Personal,27871,0
226,Auto,7650,1
227,Auto,3792,0
228,Home,23881,1
231,Auto,34764,0
233,Home,8155,0
235,Home,12221,0
236,Personal,13480,0
237,Personal,5122,0
238,Auto,14169,0
239,Auto,5129,0
243,Personal,17349,0
244,Auto,17033,0
245,Auto,6917,1
253,Auto,28257,0
254,Home,29645,0
257,Home,24767,0
258,Auto,39003,0
261,Home,8180,0
262,Auto,27362,0
265,Personal,5577,0
266,Home,18641,0
267,Auto,19440,0
268,Auto,23464,0
269,Auto,19606,1
274,Personal,17847,0
277,Personal,19095,0
279,Auto,9898,0
280,Home,15682,0
282,Auto,14104,0
283,Personal,14929,0
284,Personal,24690,0
285,Home,27834,0
287,Auto,17840,0
289,Home,19945,0
291,Personal,26255,0
292,Auto,28363,0
294,Auto,9822,0
295,Home,34801,0
298,Home,24205,0
301,Home,15614,0
302,Personal,17803,0
304,Personal,23526,0
305,Personal,20985,1
306,Auto,20191,0
307,Auto,34908,0
308,Home,11165,1
309,Home,29025,0
312,Personal,38701,0
314,Home,38935,0
319,Personal,32203,0
320,Personal,12304,0
322,Auto,13429,0
324,Personal,5021,0
328,Auto,7942,0
329,Personal,16672,0
332,Home,14551,0
334,Auto,10897,0
338,Personal,28688,0
339,Personal,23033,0
340,Auto,18283,0
341,Home,16478,0
343,Auto,33679,0
345,Auto,35552,0
346,Home,36635,0
347,Home,11769,0
348,Home,37966,0
349,Auto,34347,0
350,Home,33754,0
357,Auto,39609,0
358,Auto,28099,0
359,Auto,27810,0
362,Home,13426,0
364,Home,28394,0
367,Auto,30191,0
369,Auto,11369,0
371,Home,27591,0
375,Auto,8812,0
376,Personal,22087,0
377,Auto,32941,0
380,Personal,31850,0
382,Personal,37677,0
386,Auto,22798,0
387,Auto,22831,1
392,Auto,29007,0
393,Personal,30524,0
394,Home,10380,0
398,Personal,9610,0
399,Personal,10816,0
400,Personal,26709,1
402,Home,24048,0
405,Personal,37607,0
406,Personal,12575,0
407,Auto,18114,0
408,Home,16299,0
409,Personal,3455,1
412,Personal,37280,0
414,Auto,12112,0
415,Home,34742,0
416,Home,9216,0
420,Auto,32860,0
424,Personal,28516,0
426,Auto,7652,0
427,Home,6357,0
428,Home,31242,0
430,Personal,24722,1
435,Personal,38742,0
437,Home,21224,0
438,Home,26603,0
440,Auto,6314,0
442,Auto,8340,0
443,Personal,3392,0
446,Auto,33278,0
447,Home,26794,0
451,Auto,4505,0
452,Auto,33739,0
463,Home,19175,0
466,Auto,17837,0
467,Home,4553,0
468,Auto,4474,0
469,Home,36105,0
473,Home,38596,0
474,Personal,9564,0
475,Personal,37435,0
476,Auto,5768,0
479,Personal,29794,0
483,Auto,7511,0
484,Auto,21714,0
487,Auto,31287,0
488,Auto,4496,0
493,Auto,26109,1
494,Auto,13181,0
499,Personal,19652,0
501,Personal,18228,0
503,Personal,15779,0
504,Home,9438,0
506,Home,30061,0
507,Auto,15655,0
509,Home,18529,0
510,Personal,14090,0
512,Auto,18097,0
514,Auto,5412,0
516,Personal,32309,0
520,Auto,19395,0
521,Home,20258,0
522,Auto,15177,0
525,Auto,12771,0
526,Personal,29082,0
527,Home,5390,0
528,Home,39135,0
530,Auto,33360,1
531,Home,23722,0
532,Home,24344,0
534,Home,28151,0
535,Home,16130,0
537,Home,23534,0
538,Auto,27985,0
540,Auto,24993,0
541,Home,20581,0
546,Personal,22357,0
547,Home,3141,1
549,Personal,5690,0
552,Auto,38983,0
553,Auto,3649,0
554,Auto,18503,0
557,Home,5713,0
558,Auto,15164,0
559,Home,29428,0
563,Home,17627,1
568,Auto,27335,0
569,Auto,35368,0
572,Auto,31670,1
575,Personal,6106,0
577,Personal,25933,1
579,Home,16097,0
583,Personal,20331,0
587,Personal,33985,0
588,Auto,36310,0
589,Auto,27107,1
590,Home,14183,0
591,Home,19173,0
595,Personal,22879,1
601,Home,36675,0
606,Auto,12993,0
607,Auto,13068,0
609,Personal,30641,0
610,Auto,9369,0
612,Auto,22920,0
620,Auto,14291,0
621,Auto,5584,0
622,Auto,33743,0
626,Personal,17850,0
630,Home,18995,0
632,Personal,25759,0
633,Personal,36727,0
636,Personal,11906,0
639,Home,30018,0
649,Auto,36126,0
656,Home,19712,0
659,Personal,35662,0
660,Home,29857,0
662,Personal,28729,0
664,Auto,28377,1
665,Personal,24511,0
667,Auto,9024,0
668,Personal,25759,0
669,Personal,13797,0
670,Home,36211,0
677,Auto,8500,0
680,Personal,10057,1
682,Auto,8183,0
687,Home,7768,0
688,Auto,20431,0
690,Home,36439,0
692,Home,23532,0
694,Auto,31484,0
695,Auto,26665,0
696,Personal,4028,1
697,Home,17611,0
699,Auto,29582,0
700,Home,25840,0
701,Personal,9514,0
706,Auto,29712,0
708,Auto,17728,0
713,Home,10150,0
714,Auto,22531,0
716,Auto,10279,1
717,Home,8307,0
718,Personal,12127,1
723,Auto,9719,0
724,Personal,20289,0
731,Home,14195,0
732,Home,29226,1
733,Personal,23379,0
734,Auto,33818,0
736,Auto,28853,0
745,Home,8458,0
746,Home,11047,0
748,Auto,7582,0
750,Personal,20007,0
751,Home,36264,0
754,Auto,14274,0
755,Auto,37839,0
757,Auto,33288,0
758,Personal,28682,0
759,Auto,11679,0
760,Home,30650,1
762,Personal,7583,0
763,Home,19238,0
764,Personal,19462,1
765,Auto,33235,0
766,Auto,36914,0
767,Personal,30415,0
770,Auto,20910,0
771,Home,16606,0
773,Auto,15849,1
774,Personal,9745,0
775,Home,12640,0
776,Home,35875,0
777,Personal,3509,0
778,Home,39639,0
780,Home,6500,0
783,Personal,3229,0
785,Home,20018,0
788,Auto,26465,0
789,Auto,4865,0
791,Personal,30773,0
794,Home,23802,0
795,Home,12037,0
798,Auto,9805,0
802,Auto,32570,0
803,Personal,23633,0
807,Auto,29534,0
808,Personal,15425,0
809,Home,13781,0
810,Auto,28678,0
811,Home,11268,0
813,Auto,16227,0
814,Auto,31575,0
816,Home,15240,0
817,Home,9300,0
823,Auto,39654,0
825,Personal,24467,0
828,Auto,4299,0
834,Auto,6332,0
835,Auto,33603,1
838,Home,28645,0
842,Home,18068,0
845,Auto,16999,0
847,Home,5258,0
850,Home,28728,0
854,Personal,13333,0
855,Personal,28317,0
856,Home,38644,1
857,Home,11595,0
859,Home,32113,0
861,Personal,20496,0
867,Home,33541,0
870,Auto,7965,0
872,Personal,4932,1
873,Home,33325,0
875,Home,17814,0
878,Auto,29099,0
879,Auto,32695,0
880,Home,4610,0
881,Home,3620,0
883,Home,25922,0
885,Auto,18903,1
888,Home,18106,1
889,Home,38587,0
891,Home,18947,1
893,Personal,10535,0
894,Home,7149,0
896,Personal,6212,0
901,Auto,27648,0
903,Auto,3546,0
906,Personal,7516,0
907,Personal,22317,0
908,Personal,20946,0
910,Home,33564,0
913,Home,33759,0
914,Auto,7737,0
915,Auto,39965,0
917,Auto,26063,0
918,Auto,29656,0
919,Personal,23675,0
921,Home,35701,0
925,Personal,15015,0
929,Auto,12605,0
930,Auto,6113,0
932,Auto,38022,0
934,Home,24642,0
940,Personal,26154,0
942,Auto,8628,0
943,Home,7718,0
944,Home,33396,1
945,Personal,35281,0
946,Auto,4324,0
948,Personal,29092,0
950,Personal,28552,1
951,Personal,32925,1
953,Personal,35683,0
957,Personal,14334,0
959,Personal,27401,0
961,Auto,21506,0
963,Auto,19855,0
964,Auto,32372,0
966,Home,37785,0
968,Auto,22843,0
969,Auto,36339,0
970,Home,14635,0
971,Personal,31321,0
972,Personal,3157,0
973,Personal,16462,0
976,Auto,15020,0
979,Personal,20309,1
980,Personal,27235,0
984,Auto,3919,1
987,Auto,10945,1
988,Home,18857,0
989,Home,36368,0
990,Personal,14580,0
991,Home,18231,0
993,Personal,12770,0
994,Home,13401,0
995,Auto,9553,1
997,Personal,35374,0
999,Personal,17371,0
1001,Personal,12727,0
1002,Auto,29831,0
1003,Home,11050,0
1004,Auto,24796,1
1005,Personal,11396,1
1007,Auto,17072,0
1009,Auto,34041,0
1010,Home,17905,1
1012,Home,18620,0
1014,Personal,38314,0
1020,Auto,23058,0
1022,Home,3013,0
1025,Personal,13423,0
1028,Personal,28993,0
1031,Personal,17065,0
1034,Home,32093,0
1038,Home,38608,0
1042,Home,27944,0
1046,Personal,16322,1
1049,Home,38903,0
1050,Home,35403,0
1055,Home,38522,0
1058,Home,13425,0
1059,Auto,17480,0
1060,Auto,38331,0
1061,Personal,18789,0
1062,Personal,29287,0
1063,Home,24914,1
1064,Personal,22881,0
1066,Auto,29889,1
1068,Auto,16360,0
1070,Home,17782,1
1071,Home,36637,0
1074,Auto,28801,0
1075,Home,35199,0
1076,Home,31985,1
1079,Personal,16518,0
1080,Auto,39105,0
1082,Personal,23229,0
1083,Personal,27603,0
1084,Personal,35961,0
1085,Personal,9401,0
1086,Personal,12882,0
1088,Auto,35235,0
1098,Auto,7220,0
1100,Auto,14485,0
1102,Auto,24938,1
1103,Home,9934,0
1106,Personal,39050,0
1108,Auto,20881,0
1111,Home,37703,1
1112,Auto,14883,1
1114,Home,32867,0
1117,Personal,5345,0
1118,Auto,13863,0
1119,Home,4468,0
1120,Auto,17462,0
1122,Auto,6226,0
1123,Home,39738,0
1124,Personal,21854,0
1125,Auto,12875,1
1126,Personal,31737,0
1127,Auto,13001,0
1128,Auto,36002,0
1129,Home,32598,0
1130,Auto,38242,0
1131,Auto,29851,0
1133,Personal,20794,1
1135,Home,19501,0
1136,Home,14444,0
1137,Personal,10087,0
1138,Home,22685,0
1139,Home,17015,0
1140,Personal,18314,0
1142,Home,8758,1
1146,Home,12079,0
1148,Personal,39797,0
1151,Auto,23604,0
1152,Home,39163,0
1153,Auto,7957,0
1155,Auto,11696,0
1156,Home,18383,0
1157,Home,22389,0
1158,Auto,35778,1
1159,Home,6677,0
1160,Personal,12033,0
1162,Home,25115,0
1163,Personal,15712,0
1165,Auto,22350,0
1166,Auto,19651,0
1168,Personal,13780,1
1170,Auto,32549,0
1171,Auto,7317,0
1172,Auto,11461,0
1173,Personal,15903,0
1177,Personal,21668,0
1178,Auto,11995,0
1179,Personal,9521,0
1180,Personal,38464,0
1181,Auto,6293,0
1183,Home,28772,0
1185,Auto,18411,0
1186,Home,21251,0
1187,Auto,28187,0
1188,Personal,20982,0
1189,Auto,32733,0
1190,Personal,13114,0
1192,Auto,18421,0
1193,Auto,8224,0
1194,Home,12435,0
1196,Auto,6501,0
1197,Auto,17197,0
1198,Home,9197,1
1200,Auto,34723,0
1201,Personal,11715,0
1202,Personal,35341,0
1204,Home,18437,0
1211,Auto,3903,0
1212,Home,19365,0
1214,Personal,36180,0
1216,Auto,34356,0
1218,Auto,15032,0
1219,Home,38287,0
1222,Home,3764,0
1223,Home,29947,0
1224,Home,35021,0
1228,Auto,12374,0
1229,Auto,33593,0
1232,Home,38027,0
1233,Personal,36578,0
1238,Personal,20875,0
1239,Home,18620,1
1240,Home,9110,0
1245,Personal,4147,0
1246,Home,12737,0
1249,Auto,4095,1
1250,Home,25065,0
1252,Personal,13087,0
1258,Personal,22163,0
1262,Auto,39207,0
1264,Personal,32795,0
1271,Home,38713,0
1273,Auto,32998,0
1274,Auto,28297,0
1276,Home,27885,0
1277,Personal,23027,0
1281,Personal,39877,0
1282,Personal,4782,0
1284,Personal,33633,0
1285,Home,36238,0
1287,Home,14070,0
1288,Home,24742,0
1290,Personal,5733,1
1292,Home,31653,0
1295,Home,30518,0
1297,Auto,24112,0
1301,Auto,23909,0
1303,Auto,17216,0
1304,Auto,15398,0
1305,Home,32658,1
1307,Personal,11541,0
1309,Auto,5366,0
1313,Personal,7174,0
1315,Home,25726,0
1317,Home,24964,0
1319,Auto,19476,0
1320,Auto,10375,1
1322,Personal,18188,1
1324,Personal,3230,0
1325,Auto,14282,0
1326,Auto,14355,0
1327,Personal,23336,0
1331,Auto,36649,0
1335,Auto,26889,0
1339,Home,39836,0
1341,Personal,18948,0
1342,Personal,28016,0
1343,Personal,32621,0
1344,Home,9149,0
1345,Home,34376,0
1351,Home,36957,0
1354,Home,9753,0
1355,Personal,20439,0
1358,Personal,4882,0
1359,Auto,19660,0
1360,Personal,14243,0
1363,Auto,9189,0
1365,Home,24492,0
1366,Personal,32864,0
1367,Personal,23987,0
1368,Auto,28366,0
1370,Home,29264,0
1372,Auto,36224,0
1373,Home,7968,0
1374,Auto,7083,0
1375,Personal,36344,0
1376,Personal,29617,0
1381,Auto,13285,1
1383,Personal,10827,0
1385,Home,5923,0
1388,Personal,23614,0
1390,Personal,37374,0
1392,Home,22229,0
1393,Home,16875,0
1394,Auto,17150,0
1400,Auto,6281,0
1402,Home,39491,0
1403,Auto,15924,0
1404,Personal,31468,0
1406,Personal,19664,0
1407,Home,22934,0
1411,Personal,37934,0
1412,Personal,24566,0
1415,Auto,7627,0
1417,Auto,37904,0
1418,Home,19633,0
1419,Auto,15960,0
1423,Auto,16554,0
1424,Personal,30703,0
1426,Auto,9140,0
1430,Personal,30243,1
1435,Home,19605,0
1437,Personal,28957,0
1438,Auto,4188,0
1440,Home,3796,0
1441,Home,39939,0
1443,Personal,19882,0
1444,Auto,11116,0
1447,Personal,14389,0
1448,Auto,30384,0
1451,Personal,20738,0
1453,Personal,39843,0
1454,Auto,20456,0
1457,Auto,18058,0
1460,Personal,26488,1
1461,Home,31855,1
1462,Auto,10973,0
1465,Personal,30355,0
1466,Auto,3739,0
1470,Home,17260,0
1473,Home,10648,1
1474,Home,13750,0
1475,Auto,15748,0
1476,Personal,35369,0
1478,Personal,31318,0
1479,Auto,21082,0
1480,Personal,39347,0
1481,Auto,15815,0
1482,Home,32913,1
1487,Auto,33210,0
1490,Home,17587,0
1493,Personal,14908,0
1494,Home,29692,1
1495,Auto,17022,0
1496,Home,30030,0
1497,Auto,22752,1
1498,Home,33938,0
1499,Home,28943,0
1507,Auto,18498,0
1509,Personal,37885,0
1510,Personal,32924,0
1511,Home,15323,0
1514,Personal,15765,0
1515,Personal,6749,1
1516,Auto,21372,0
1518,Personal,7541,1
1524,Auto,18855,1
1525,Auto,37526,0
1527,Home,6810,1
1528,Home,3555,0
1531,Home,31634,0
1532,Home,27587,0
1533,Home,29573,0
1534,Personal,20979,0
1535,Personal,18123,0
1536,Auto,33289,0
1538,Home,30139,0
1539,Home,15923,0
1540,Auto,35016,0
1541,Auto,30875,0
1542,Auto,16786,0
1543,Home,24927,0
1544,Auto,38301,0
1548,Personal,7268,0
1549,Home,15412,1
1550,Personal,13069,0
1551,Home,6592,0
1552,Personal,38515,0
1553,Auto,28217,0
1555,Personal,30865,1
1556,Home,24963,0
1558,Auto,27683,0
1559,Auto,4992,0
1562,Auto,26880,0
1564,Personal,11275,0
1565,Personal,21889,0
1566,Auto,35155,0
1567,Home,16160,0
1568,Home,9910,0
1569,Auto,28025,0
1570,Personal,17456,0
1572,Auto,23545,0
1573,Personal,21216,0
1579,Auto,27536,0
1580,Personal,31371,0
1585,Personal,26475,0
1587,Auto,9516,0
1590,Auto,23822,0
1592,Home,20517,0
1593,Auto,37830,0
1594,Auto,3468,0
1597,Auto,24341,0
1598,Auto,39651,0
1599,Home,4884,0
1600,Auto,13231,0
1602,Home,37749,0
1603,Auto,18813,0
1604,Auto,16241,1
1607,Personal,34334,0
1611,Auto,14704,0
1612,Home,38992,1
1613,Auto,28935,0
1615,Personal,34602,0
1617,Home,5363,0
1622,Home,23319,0
1624,Home,20673,0
1626,Auto,21531,0
1627,Personal,39484,0
1628,Personal,32669,0
1630,Personal,35699,0
1631,Personal,30727,0
1632,Personal,33239,0
1633,Personal,3017,0
1635,Personal,37055,0
1636,Auto,37381,1
1639,Auto,28316,0
1640,Personal,7886,0
1642,Home,18094,0
1644,Auto,30559,0
1645,Auto,6924,0
1647,Personal,24265,0
1648,Auto,13861,1
1650,Personal,32839,0
1651,Auto,21767,0
1655,Auto,17379,0
1656,Home,36500,0
1658,Home,37926,0
1659,Auto,27195,0
1660,Auto,7619,0
1663,Auto,4210,1
1664,Personal,26857,0
1666,Home,11897,0
1667,Personal,37575,0
1668,Personal,38210,1
1670,Auto,7075,0
1671,Personal,39460,0
1674,Personal,16377,0
1676,Auto,3969,0
1677,Personal,39087,0
1678,Personal,3387,0
1679,Home,5489,0
1680,Home,5890,0
1681,Auto,38018,0
1684,Home,18073,0
1685,Home,11142,0
1686,Home,29876,1
1687,Personal,8557,0
1690,Home,13773,0
1691,Personal,18258,0
1692,Home,15324,0
1693,Home,35383,0
1694,Personal,34259,0
1695,Auto,12123,0
1697,Personal,39827,0
1698,Personal,26266,1
1699,Auto,18876,0
1705,Home,3648,0
1709,Personal,29592,0
1710,Auto,10695,0
1715,Personal,7142,1
1716,Auto,5472,0
1721,Home,25955,1
1722,Home,3258,0
1725,Personal,19621,0
1726,Auto,4158,0
1727,Auto,21134,0
1728,Home,13494,0
1736,Personal,37232,1
1737,Auto,34002,0
1738,Personal,11124,0
1745,Personal,20640,0
1746,Personal,31892,0
1747,Auto,32497,0
1750,Home,27889,1
1754,Home,13433,0
1755,Auto,26880,0
1757,Auto,16830,1
1763,Home,13581,0
1770,Auto,31590,0
1771,Home,14905,0
1772,Home,8673,0
1773,Personal,20327,0
1776,Auto,19734,0
1777,Personal,8661,0
1778,Home,13378,0
1779,Home,27270,0
1780,Auto,18981,0
1781,Auto,29457,0
1784,Home,34528,0
1785,Home,8092,0
1786,Home,11567,0
1788,Personal,28386,0
1789,Personal,32006,0
1790,Personal,17045,0
1792,Home,24305,0
1794,Auto,27714,0
1795,Auto,26013,0
1796,Personal,5294,0
1798,Home,13237,1
1799,Personal,21461,0
1806,Home,20574,0
1810,Home,38264,0
1812,Auto,15918,0
1816,Personal,20785,0
1819,Auto,3391,0
1826,Auto,9854,0
1827,Personal,20175,1
1828,Personal,31090,0
1836,Auto,11380,0
1839,Personal,31506,0
1840,Personal,12094,0
1842,Personal,18173,0
1846,Personal,14592,1
1847,Auto,8684,0
1848,Auto,10074,0
1850,Auto,35979,0
1852,Home,39540,0
1858,Home,4353,0
1859,Personal,7698,1
1862,Personal,33221,0
1863,Auto,15505,0
1865,Auto,17577,0
1868,Auto,9744,0
1869,Home,6470,0
1870,Auto,18327,0
1871,Home,33374,1
1872,Home,16831,1
1873,Personal,39396,1
1874,Auto,31085,0
1876,Home,13842,0
1878,Personal,8557,0
1879,Auto,29887,0
1881,Home,37026,0
1883,Personal,33083,0
1884,Auto,34548,0
1885,Auto,25517,0
1887,Auto,15872,0
1888,Auto,15219,0
1890,Auto,31058,0
1894,Home,16555,0
1895,Home,26098,0
1896,Auto,11672,0
1898,Personal,39029,0
1899,Auto,14859,0
1902,Auto,3741,1
1906,Home,3910,0
1907,Personal,25182,0
1909,Auto,31215,0
1913,Home,19282,0
1916,Auto,10597,0
1920,Personal,6285,0
1921,Personal,11551,1
1924,Home,24863,0
1926,Auto,24833,0
1932,Auto,17256,0
1934,Home,36705,0
1935,Personal,23509,0
1936,Home,26562,0
1937,Home,27438,0
1941,Home,25788,0
1943,Personal,34757,0
1945,Auto,27324,0
1946,Home,31828,0
1948,Home,33575,0
1949,Home,23333,0
1952,Home,5560,0
1954,Personal,28874,0
1955,Auto,29555,1
1957,Auto,19588,0
1959,Auto,27581,0
1960,Personal,34843,0
1962,Auto,10482,0
1966,Auto,37432,0
1967,Personal,39422,0
1968,Personal,6098,0
1971,Home,17250,0
1973,Auto,26138,0
1975,Personal,37268,0
1977,Home,19709,0
1978,Auto,10152,0
1980,Auto,20668,0
1981,Home,24836,0
1983,Personal,16758,0
1984,Home,32298,0
1985,Personal,16014,0
1989,Personal,4839,0
1991,Home,34135,0
1993,Personal,17198,0
1994,Home,22009,0
1997,Auto,30254,0
1998,Auto,4533,0
2002,Personal,37356,1
2003,Auto,29923,1
2012,Home,3183,0
2013,Home,24316,0
2015,Home,11757,0
2016,Auto,19733,0
2017,Auto,7170,0
2018,Auto,27714,0
2019,Home,7240,0
2022,Personal,14223,0
2025,Home,27940,0
2031,Personal,32329,1
2034,Personal,28800,0
2035,Home,11168,0
2044,Home,15927,0
2045,Auto,12933,0
2046,Personal,17836,0
2049,Personal,7270,1
2053,Auto,33453,0
2054,Personal,21098,0
2055,Personal,39273,0
2059,Auto,21114,0
2060,Home,39486,0
2063,Auto,11545,0
2064,Auto,26442,0
2067,Home,24241,0
2071,Home,18775,0
2073,Auto,3912,0
2074,Home,28788,0
2076,Auto,17641,0
2077,Home,25976,0
2078,Auto,14655,0
2079,Auto,21778,0
2080,Personal,3003,0
2082,Personal,12322,0
2087,Personal,23631,0
2089,Personal,15762,0
2095,Home,28826,0
2096,Home,25789,0
2097,Auto,33735,1
2098,Home,21332,0
2100,Personal,29011,0
2101,Auto,35473,0
2102,Home,16347,0
2105,Personal,25489,0
2106,Personal,39767,0
2108,Auto,31167,0
2109,Personal,10951,0
2110,Personal,37006,0
2111,Personal,31459,0
2113,Home,3368,0
2114,Auto,18038,1
2115,Auto,29254,0
2116,Home,23165,0
2117,Auto,4979,0
2119,Home,12768,1
2120,Home,20639,0
2122,Home,33654,0
2123,Home,7589,1
2124,Auto,18459,0
2127,Auto,28632,0
2128,Home,27353,1
2129,Home,11312,1
2130,Auto,38006,0
2133,Home,4471,0
2138,Home,21701,0
2140,Home,15685,0
2144,Home,33793,0
2145,Auto,9581,0
2146,Auto,28545,0
2147,Personal,18095,0
2148,Personal,9307,0
2154,Personal,6440,0
2156,Personal,33944,0
2157,Personal,24531,0
2158,Personal,35115,0
2159,Personal,27866,1
2172,Home,29356,0
2173,Personal,15660,0
2175,Personal,20480,0
2177,Personal,19256,0
2178,Auto,37806,0
2182,Home,30501,0
2187,Personal,37562,0
2188,Home,10778,1
2192,Personal,17715,0
2193,Auto,39792,0
2194,Home,34551,0
2195,Home,25982,0
2199,Personal,33906,0
2201,Personal,29783,0
2206,Auto,4243,0
2210,Auto,12491,0
2213,Personal,30219,0
2214,Auto,16365,1
2216,Auto,12224,0
2217,Personal,18375,0
2218,Personal,20859,0
2220,Personal,38013,1
2223,Personal,13006,0
2225,Home,12356,1
2227,Home,14892,0
2228,Auto,26638,0
2230,Auto,16894,0
2231,Auto,14556,0
2234,Personal,3059,0
2235,Auto,6339,0
2237,Home,24486,0
2238,Personal,19585,0
2239,Personal,39124,0
2242,Auto,6123,0
2248,Home,30129,0
2249,Auto,19004,0
2250,Personal,19563,0
2252,Auto,18685,0
2253,Personal,14117,0
2254,Personal,22678,0
2256,Home,12369,0
2257,Home,28470,0
2260,Auto,21834,0
2262,Auto,14631,0
2264,Auto,21114,0
2266,Home,21413,1
2267,Home,29056,0
2270,Home,9035,0
2273,Home,3412,0
2275,Home,36849,0
2276,Auto,11216,0
2277,Personal,13245,1
2284,Auto,18050,0
2285,Auto,17272,0
2286,Auto,37269,0
2287,Home,7136,1
2289,Home,14853,0
2295,Home,38783,0
2298,Home,23816,0
2299,Home,39092,0
2303,Auto,12713,0
2305,Personal,6093,0
2307,Home,33767,0
2309,Personal,12531,0
2310,Home,39160,0
2315,Personal,7750,0
2318,Auto,16713,0
2319,Home,9142,1
2320,Auto,16693,1
2322,Home,27063,0
2326,Personal,19899,0
2327,Auto,24223,1
2331,Home,23402,0
2336,Auto,3209,1
2337,Auto,31007,0
2339,Personal,29411,0
2342,Auto,21017,0
2343,Home,38145,0
2346,Home,12552,0
2347,Auto,10605,0
2348,Auto,11337,0
2350,Home,20702,0
2352,Auto,5940,0
2354,Personal,9305,0
2357,Personal,14944,0
2359,Auto,36052,0
2360,Home,21027,0
2365,Personal,39705,0
2367,Auto,39866,0
2370,Auto,11095,0
2371,Auto,22894,1
2372,Personal,38512,0
2375,Home,12160,0
2376,Personal,25879,0
2384,Home,8181,1
2385,Home,21484,0
2387,Auto,5754,0
2388,Home,18817,0
2390,Home,18668,0
2395,Home,38129,0
2399,Auto,28823,0
2400,Personal,24535,0
2402,Auto,10184,0
2404,Home,34065,0
2408,Home,27559,0
2409,Auto,3099,0
2410,Auto,8024,0
2412,Home,5289,1
2413,Home,34386,0
2416,Home,30762,0
2417,Auto,15567,0
2418,Auto,12863,0
2421,Personal,27050,0
2422,Home,6679,0
2423,Personal,21210,0
2425,Auto,6006,0
2426,Home,37846,0
2428,Home,10927,0
2429,Personal,16056,0
2431,Home,39037,0
2435,Auto,6480,0
2436,Personal,9564,0
2438,Personal,20585,0
2440,Personal,18611,0
2441,Personal,27704,0
2443,Home,12868,1
2448,Auto,22970,0
2449,Personal,15965,0
2451,Auto,16499,0
2456,Auto,4411,0
2458,Auto,11847,1
2459,Personal,20527,0
2460,Personal,15700,0
2461,Home,13964,0
2462,Personal,4962,0
2464,Personal,7415,0
2465,Auto,32766,0
2466,Auto,19391,0
2475,Auto,25070,0
2476,Home,10190,0
2477,Personal,32617,0
2478,Personal,18203,0
2480,Home,13378,0
2481,Personal,13219,1
2483,Personal,31769,1
2484,Auto,29862,0
2489,Auto,5457,0
2496,Personal,12583,1
2497,Home,5835,0
2499,Personal,5154,0
2501,Personal,39636,0
2503,Home,4273,0
2504,Personal,15434,0
2505,Auto,12404,0
2507,Auto,34389,0
2511,Auto,11571,0
2513,Auto,31721,0
2515,Personal,10033,0
2517,Home,12704,0
2518,Auto,8648,0
2521,Personal,34724,0
2523,Home,26748,0
2524,Home,35586,0
2526,Home,9868,0
2527,Home,27660,0
2529,Personal,16236,0
2530,Home,31270,0
2531,Personal,16332,0
2532,Auto,12198,0
2533,Auto,4781,1
2535,Personal,34485,0
2539,Personal,22303,1
2540,Home,15624,0
2543,Home,38638,0
2544,Personal,32969,0
2546,Home,7534,0
2548,Personal,24153,0
2550,Home,28367,0
2552,Personal,23513,0
2553,Personal,39460,0
2554,Home,6900,0
2556,Personal,32134,0
2559,Personal,10691,0
2560,Auto,29659,1
2561,Personal,14641,0
2563,Home,3894,1
2566,Auto,31766,0
2567,Home,32180,0
2570,Auto,15571,0
2573,Home,31651,0
2574,Auto,20391,0
2576,Home,29483,0
2577,Personal,38797,0
2578,Personal,25763,0
2580,Home,16115,1
2583,Auto,26255,0
2584,Auto,14513,0
2585,Personal,16256,0
2586,Personal,27877,0
2589,Personal,37449,0
2590,Auto,36728,0
2595,Auto,32740,0
2596,Personal,9325,1
2600,Personal,29256,0
2602,Auto,39996,0
2604,Auto,3710,0
2605,Auto,37091,0
2607,Home,24048,0
2609,Personal,15317,0
2612,Personal,18201,0
2613,Auto,38517,0
2615,Auto,21582,0
2617,Home,30483,0
2618,Auto,31188,0
2620,Auto,37395,0
2622,Home,20412,0
2624,Home,20286,0
2625,Personal,14054,0
2626,Personal,11681,0
2632,Home,12599,0
2633,Auto,30531,0
2635,Personal,34723,0
2636,Personal,4271,0
2638,Auto,6771,0
2642,Auto,8167,0
2644,Auto,12943,1
2646,Auto,12415,0
2650,Home,32876,0
2651,Home,17923,0
2652,Auto,16118,0
2654,Personal,36128,0
2659,Auto,21612,0
2660,Personal,6938,0
2661,Personal,16483,0
2662,Home,5283,0
2666,Home,8913,0
2667,Personal,29208,0
2668,Personal,17646,0
2675,Auto,10406,0
2681,Auto,22880,0
2682,Auto,12357,0
2683,Personal,5358,0
2684,Auto,29726,0
2685,Personal,27634,0
2686,Auto,26989,0
2687,Personal,19961,0
2688,Home,3555,1
2689,Home,4912,0
2693,Personal,26712,0
2694,Home,15865,0
2697,Personal,14022,0
2701,Home,20495,0
2703,Home,23326,0
2706,Home,23398,1
2707,Home,20152,0
2708,Auto,10589,1
2710,Auto,9126,0
2711,Auto,29301,0
2712,Home,10193,0
2713,Home,14001,0
2714,Home,26949,0
2715,Auto,35811,0
2716,Home,21272,0
2717,Home,8883,0
2718,Auto,9842,0
2720,Auto,11828,0
2721,Personal,26933,1
2722,Auto,31375,0
2723,Home,14544,0
2725,Home,5543,0
2726,Personal,3768,0
2727,Home,5603,0
2729,Auto,7152,0
2733,Auto,29649,0
2735,Home,29877,0
2736,Personal,3916,0
2737,Home,18855,0
2738,Home,31294,0
2739,Home,28524,1
2740,Home,17903,0
2746,Auto,11940,0
2750,Home,24565,0
2753,Auto,32657,0
2754,Home,18698,0
2755,Auto,26696,0
2756,Personal,34122,0
2759,Auto,13410,1
2761,Personal,33805,0
2772,Personal,8530,0
2773,Home,37421,1
2774,Auto,19627,0
2777,Auto,6247,0
2781,Home,35398,0
2782,Home,15706,0
2783,Home,28444,1
2785,Personal,12982,0
2788,Home,21341,0
2789,Home,18307,0
2791,Auto,39958,0
2796,Personal,18804,0
2798,Personal,31976,0
2807,Home,7067,0
2809,Home,26038,0
2810,Auto,6734,0
2812,Home,8730,0
2813,Auto,7825,0
2815,Home,8255,0
2816,Personal,9980,0
2821,Personal,37547,0
2822,Personal,20257,0
2824,Home,24988,0
2825,Home,28317,0
2826,Auto,26829,0
2829,Personal,30211,1
2830,Auto,14031,0
2835,Home,28497,0
2836,Auto,7062,0
2837,Home,4493,0
2838,Personal,38196,0
2839,Home,13634,0
2841,Personal,15380,1
2844,Auto,38171,0
2847,Auto,16607,0
2851,Home,10092,0
2852,Home,22271,0
2853,Auto,12978,0
2854,Personal,12422,0
2858,Personal,38270,0
2860,Home,4673,0
2861,Personal,16354,0
2863,Auto,16590,0
2864,Auto,3887,0
2874,Home,27011,0
2875,Home,6852,1
2876,Personal,22039,0
2878,Auto,13695,0
2879,Auto,10691,0
2881,Personal,15113,0
2882,Home,14136,0
2884,Home,32794,0
2885,Home,38985,0
2888,Home,22075,0
2889,Home,19659,0
2893,Home,26185,0
2895,Home,20754,0
2896,Home,37459,0
2898,Personal,12862,0
2899,Auto,25544,1
2904,Auto,22670,0
2907,Auto,36764,0
2908,Home,13891,0
2909,Home,17414,0
2912,Home,31190,0
2914,Home,39054,0
2915,Personal,19922,0
2916,Home,38116,0
2918,Auto,38859,0
2922,Home,36416,0
2923,Home,12743,0
2926,Personal,37541,0
2927,Personal,5548,0
2928,Auto,8846,0
2929,Home,11812,0
2931,Home,25028,0
2934,Personal,24314,1
2935,Auto,16672,0
2936,Auto,34088,0
2937,Personal,8100,1
2939,Personal,27054,1
2940,Home,32584,0
2941,Auto,24557,1
2943,Auto,13490,0
2944,Personal,12376,0
2945,Personal,32888,1
2946,Personal,31289,0
2947,Auto,38108,1
2949,Personal,28112,0
2951,Auto,28427,0
2955,Personal,29440,0
2956,Auto,26202,0
2958,Personal,6520,0
2964,Auto,35583,0
2966,Home,38230,0
2968,Home,27365,0
2971,Auto,32374,0
2972,Home,15161,0
2973,Home,9958,0
2976,Home,27845,0
2977,Auto,32491,0
2978,Auto,24991,0
2979,Home,21537,0
2983,Auto,18173,0
2987,Home,14266,0
2988,Auto,12846,0
2989,Auto,22928,0
2991,Home,25093,0
2992,Auto,22044,0
2993,Home,28339,0
2995,Auto,36637,0
2997,Personal,26596,0
2999,Personal,37879,0
3000,Home,17586,1
