customer_id,card_limit,utilization_ratio,delinquency_12m
1,200000,0.85,0
2,50000,0.3,0
3,300000,0.76,0
5,300000,0.21,0
6,300000,0.93,0
8,200000,0.26,0
11,200000,0.79,0
13,300000,0.85,0
14,100000,0.21,0
15,300000,0.92,0
16,300000,0.68,0
22,200000,0.71,0
24,50000,0.44,1
25,300000,0.76,0
26,200000,0.65,0
32,50000,0.31,0
34,200000,0.93,0
35,300000,0.13,0
38,100000,0.3,0
39,200000,0.57,0
40,100000,0.18,0
42,300000,0.67,0
43,200000,0.45,0
44,100000,0.76,0
45,100000,0.9,0
46,200000,0.84,0
47,100000,0.67,0
48,200000,0.8,0
49,100000,0.88,0
50,200000,0.91,0
52,200000,0.5,0
56,200000,0.19,0
57,200000,0.49,0
59,200000,0.27,0
61,200000,0.62,0
63,300000,0.35,0
69,300000,0.45,1
70,200000,0.27,0
72,100000,0.93,0
75,300000,0.21,0
76,100000,0.82,0
77,200000,0.75,0
78,50000,0.12,0
79,300000,0.94,0
80,200000,0.7,0
84,100000,0.34,0
85,100000,0.42,0
88,50000,0.21,0
89,200000,0.86,0
91,50000,0.78,0
93,50000,0.27,0
94,200000,0.23,0
95,50000,0.22,0
98,200000,0.34,1
99,200000,0.3,0
100,300000,0.73,1
101,300000,0.39,0
102,300000,0.54,0
105,300000,0.38,0
106,300000,0.73,0
107,300000,0.7,0
108,300000,0.81,0
113,50000,0.1,1
115,300000,0.58,0
116,200000,0.88,0
119,100000,0.92,0
120,300000,0.45,0
121,100000,0.68,0
123,200000,0.9,0
124,200000,0.66,0
126,100000,0.89,0
127,100000,0.82,0
128,200000,0.78,0
129,50000,0.34,0
132,300000,0.89,0
133,300000,0.53,0
135,100000,0.93,0
136,50000,0.45,0
137,50000,0.49,0
138,100000,0.14,0
145,200000,0.94,0
146,300000,0.88,0
148,300000,0.33,0
154,100000,0.93,0
156,300000,0.88,0
158,50000,0.67,0
159,200000,0.27,0
160,200000,0.16,0
161,200000,0.78,0
162,200000,0.64,1
163,300000,0.87,0
164,50000,0.71,0
166,100000,0.56,0
167,100000,0.44,0
170,50000,0.26,0
173,50000,0.65,0
174,200000,0.38,0
175,200000,0.74,0
179,300000,0.94,0
181,300000,0.69,0
183,50000,0.84,0
185,200000,0.13,0
188,100000,0.53,0
189,200000,0.74,0
192,200000,0.51,0
193,100000,0.73,0
194,300000,0.56,0
198,50000,0.38,0
200,300000,0.49,0
201,50000,0.37,0
204,50000,0.25,0
207,100000,0.18,0
208,50000,0.94,0
209,100000,0.46,0
210,50000,0.14,0
211,100000,0.24,0
212,50000,0.75,0
213,200000,0.77,0
215,200000,0.8,1
216,200000,0.64,0
217,100000,0.75,0
219,50000,0.41,0
222,300000,0.8,0
223,200000,0.77,0
224,100000,0.94,1
226,100000,0.21,0
227,200000,0.9,0
228,50000,0.52,0
229,300000,0.6,1
232,300000,0.21,0
234,300000,0.78,0
235,200000,0.24,0
236,100000,0.95,0
237,50000,0.25,0
238,200000,0.73,0
239,200000,0.15,0
240,50000,0.69,0
241,50000,0.11,0
243,200000,0.73,0
246,100000,0.28,0
247,100000,0.6,0
249,50000,0.14,1
251,50000,0.48,0
253,100000,0.8,0
254,300000,0.75,0
255,200000,0.3,0
256,50000,0.76,0
257,200000,0.55,0
258,50000,0.15,0
259,50000,0.17,0
263,300000,0.56,0
264,100000,0.83,0
266,300000,0.67,1
267,200000,0.61,0
268,50000,0.48,0
271,50000,0.53,0
272,300000,0.47,1
273,200000,0.52,0
276,100000,0.58,0
277,50000,0.84,0
279,100000,0.71,0
281,50000,0.86,0
282,50000,0.18,1
283,300000,0.48,0
288,50000,0.21,0
290,100000,0.23,0
291,300000,0.3,1
294,50000,0.28,0
295,100000,0.46,0
296,300000,0.42,0
299,50000,0.86,1
301,200000,0.47,0
302,50000,0.68,0
303,50000,0.9,0
304,200000,0.45,0
308,50000,0.76,1
309,300000,0.39,0
310,200000,0.18,0
311,50000,0.29,1
312,200000,0.1,0
313,100000,0.62,0
316,100000,0.73,0
318,300000,0.69,0
320,200000,0.62,0
322,200000,0.86,0
324,300000,0.83,0
326,100000,0.76,0
327,100000,0.19,0
329,200000,0.74,0
330,200000,0.26,0
331,200000,0.74,0
332,100000,0.58,0
333,300000,0.95,0
336,200000,0.9,0
337,50000,0.4,0
338,300000,0.24,0
339,50000,0.12,0
341,100000,0.88,0
342,300000,0.76,0
343,200000,0.54,0
344,50000,0.67,0
346,50000,0.95,0
347,50000,0.6,0
348,50000,0.84,0
349,300000,0.55,0
352,100000,0.79,0
354,200000,0.69,0
355,100000,0.32,0
357,300000,0.93,0
358,50000,0.52,0
359,50000,0.21,0
364,100000,0.38,0
365,100000,0.12,1
367,200000,0.68,0
369,300000,0.45,0
370,50000,0.9,0
373,50000,0.65,0
374,100000,0.21,0
375,200000,0.63,1
376,100000,0.61,0
379,300000,0.5,0
380,50000,0.47,0
381,100000,0.28,0
382,100000,0.45,0
383,100000,0.21,0
386,50000,0.25,0
387,300000,0.52,0
390,50000,0.44,0
391,200000,0.86,0
397,300000,0.18,0
398,50000,0.28,0
400,100000,0.39,0
401,100000,0.38,0
402,300000,0.32,0
404,100000,0.12,1
406,200000,0.6,0
409,100000,0.33,0
410,300000,0.57,0
412,200000,0.2,0
413,300000,0.61,0
415,200000,0.83,0
417,100000,0.53,0
418,100000,0.63,0
420,50000,0.16,0
421,50000,0.56,0
424,300000,0.64,0
425,50000,0.53,0
427,50000,0.26,0
428,200000,0.33,0
430,200000,0.14,0
431,200000,0.86,1
432,50000,0.77,0
433,200000,0.23,0
434,100000,0.75,0
435,200000,0.55,0
437,100000,0.61,0
438,200000,0.89,0
442,50000,0.17,0
443,200000,0.17,0
444,50000,0.28,0
446,50000,0.15,1
449,100000,0.31,0
450,100000,0.59,0
451,100000,0.14,0
454,300000,0.63,1
455,100000,0.54,0
459,300000,0.7,0
461,200000,0.18,0
462,300000,0.82,0
463,200000,0.25,0
465,200000,0.72,0
466,300000,0.85,0
469,200000,0.3,0
471,100000,0.68,0
472,300000,0.18,0
475,300000,0.42,0
476,50000,0.49,0
480,50000,0.61,0
483,100000,0.26,0
485,200000,0.57,0
486,300000,0.69,0
488,200000,0.24,0
491,300000,0.48,0
492,200000,0.35,0
496,50000,0.91,0
498,200000,0.15,0
499,200000,0.36,0
500,100000,0.73,0
501,200000,0.51,0
503,300000,0.74,0
505,200000,0.37,0
509,200000,0.91,0
512,300000,0.43,0
513,50000,0.3,0
514,100000,0.72,0
515,100000,0.71,0
517,300000,0.27,0
519,50000,0.82,0
520,50000,0.54,1
521,300000,0.77,1
528,300000,0.59,0
531,50000,0.71,0
532,200000,0.46,0
533,200000,0.35,0
534,100000,0.45,0
535,100000,0.61,1
537,200000,0.55,0
538,200000,0.41,0
541,300000,0.64,0
542,50000,0.9,0
543,100000,0.15,0
544,100000,0.68,0
546,100000,0.49,1
548,300000,0.93,0
549,300000,0.49,0
550,300000,0.45,1
551,50000,0.62,0
553,200000,0.9,1
555,50000,0.36,0
556,300000,0.93,1
557,50000,0.78,0
558,300000,0.82,0
560,100000,0.52,0
561,300000,0.43,1
563,300000,0.49,0
564,100000,0.87,0
565,50000,0.77,0
566,100000,0.44,0
567,100000,0.94,0
568,100000,0.15,0
569,100000,0.12,0
570,100000,0.47,0
572,300000,0.3,0
573,50000,0.8,0
574,300000,0.65,0
575,200000,0.83,0
576,200000,0.91,0
577,100000,0.87,0
578,50000,0.77,0
579,200000,0.61,0
580,200000,0.39,0
581,300000,0.25,0
583,300000,0.83,0
586,300000,0.26,0
587,300000,0.73,0
590,100000,0.76,0
593,300000,0.77,1
596,300000,0.55,0
597,50000,0.81,0
599,300000,0.64,0
601,50000,0.53,0
603,200000,0.63,0
604,100000,0.4,0
605,300000,0.75,0
606,100000,0.77,0
607,200000,0.66,0
608,50000,0.87,0
609,50000,0.73,0
610,50000,0.46,0
613,300000,0.29,0
615,200000,0.83,0
617,50000,0.79,0
619,200000,0.28,0
621,50000,0.53,0
622,200000,0.1,0
624,200000,0.62,0
625,100000,0.86,0
626,300000,0.4,0
627,200000,0.29,0
629,200000,0.1,0
631,50000,0.92,1
632,100000,0.22,0
633,100000,0.43,0
635,100000,0.8,0
636,50000,0.89,0
637,200000,0.61,0
638,300000,0.36,0
640,200000,0.9,0
641,100000,0.42,0
642,300000,0.11,0
643,50000,0.59,0
644,200000,0.33,1
645,300000,0.41,0
646,100000,0.65,0
647,200000,0.39,0
648,300000,0.29,0
650,300000,0.81,0
652,50000,0.91,0
653,300000,0.88,0
655,100000,0.66,0
657,200000,0.28,0
660,300000,0.48,1
661,300000,0.89,0
662,50000,0.83,0
664,50000,0.5,0
667,300000,0.36,0
668,200000,0.33,0
670,50000,0.32,0
673,100000,0.92,0
677,300000,0.37,0
679,100000,0.41,0
681,50000,0.13,0
683,100000,0.2,0
684,100000,0.67,0
686,200000,0.39,0
687,300000,0.2,0
688,300000,0.39,0
690,300000,0.83,0
691,100000,0.71,1
692,50000,0.48,1
695,100000,0.51,0
698,100000,0.32,0
699,50000,0.95,0
701,100000,0.24,0
704,100000,0.21,0
706,300000,0.88,0
707,100000,0.31,0
708,100000,0.25,0
709,200000,0.38,0
712,100000,0.41,0
713,100000,0.77,0
716,100000,0.66,1
717,50000,0.76,0
719,50000,0.71,0
720,300000,0.77,0
721,200000,0.35,0
722,300000,0.71,0
723,300000,0.54,0
724,100000,0.67,0
727,100000,0.44,0
729,50000,0.42,0
730,200000,0.26,0
731,50000,0.17,0
732,50000,0.45,0
734,50000,0.92,0
735,200000,0.23,0
736,100000,0.65,0
737,100000,0.82,1
738,50000,0.35,1
739,200000,0.8,0
740,300000,0.69,0
741,300000,0.42,1
742,200000,0.79,0
745,50000,0.32,0
746,300000,0.18,0
747,50000,0.18,0
749,200000,0.35,0
753,300000,0.77,0
754,50000,0.51,0
755,50000,0.26,0
756,50000,0.92,0
758,300000,0.67,0
761,200000,0.82,0
762,50000,0.43,0
763,300000,0.44,0
764,200000,0.66,0
767,300000,0.38,1
771,300000,0.58,1
772,200000,0.85,0
773,300000,0.61,0
774,200000,0.48,0
776,50000,0.35,0
778,100000,0.19,0
780,100000,0.95,0
782,100000,0.84,0
783,200000,0.25,0
784,300000,0.5,0
785,300000,0.42,0
786,100000,0.28,0
787,300000,0.66,0
789,100000,0.26,0
790,300000,0.12,0
792,100000,0.24,0
795,100000,0.84,0
796,200000,0.41,0
800,200000,0.38,0
801,100000,0.82,1
802,200000,0.2,0
803,100000,0.15,0
806,200000,0.53,0
807,200000,0.15,0
809,300000,0.68,0
810,100000,0.68,0
811,300000,0.21,0
813,50000,0.87,0
814,100000,0.18,0
815,100000,0.41,0
817,300000,0.73,0
818,300000,0.15,0
819,200000,0.5,1
821,300000,0.94,0
822,200000,0.39,0
825,50000,0.75,0
826,200000,0.88,0
830,100000,0.55,0
831,50000,0.45,0
832,100000,0.42,0
833,50000,0.89,0
838,50000,0.85,0
840,200000,0.29,0
841,300000,0.11,0
843,300000,0.69,0
844,100000,0.75,0
846,50000,0.11,0
847,100000,0.81,0
848,300000,0.12,0
849,300000,0.19,0
850,100000,0.9,0
851,200000,0.83,1
854,200000,0.25,0
855,50000,0.11,0
859,100000,0.43,0
860,50000,0.37,1
862,200000,0.36,0
866,50000,0.12,0
867,50000,0.12,1
869,200000,0.79,0
871,100000,0.54,1
872,200000,0.93,1
875,300000,0.66,0
876,100000,0.38,0
877,100000,0.44,1
880,300000,0.63,0
883,100000,0.67,0
884,300000,0.86,0
885,50000,0.16,0
886,50000,0.88,0
888,100000,0.3,0
890,300000,0.13,0
891,50000,0.39,0
893,100000,0.51,0
894,50000,0.16,1
895,200000,0.14,0
897,100000,0.7,0
898,200000,0.63,0
899,50000,0.71,1
900,50000,0.29,0
902,50000,0.81,0
903,50000,0.82,0
904,50000,0.39,0
905,200000,0.75,0
907,50000,0.93,0
908,300000,0.43,0
910,200000,0.88,0
914,200000,0.57,0
915,300000,0.17,1
917,50000,0.59,0
918,300000,0.7,0
919,300000,0.14,0
920,100000,0.64,0
922,100000,0.88,0
923,50000,0.32,0
924,50000,0.84,0
927,50000,0.13,0
931,100000,0.64,0
932,300000,0.49,0
934,300000,0.54,0
935,200000,0.72,0
936,200000,0.11,0
937,200000,0.63,0
938,100000,0.3,0
942,100000,0.33,0
943,200000,0.11,0
946,200000,0.44,0
947,100000,0.77,0
948,50000,0.26,0
949,300000,0.76,1
950,200000,0.64,0
951,300000,0.29,0
952,300000,0.25,0
953,300000,0.17,0
954,200000,0.43,0
955,50000,0.84,0
957,50000,0.4,0
959,100000,0.7,0
960,50000,0.7,0
962,200000,0.24,0
963,100000,0.83,0
964,50000,0.5,0
966,200000,0.22,0
967,200000,0.12,0
969,50000,0.24,0
970,50000,0.25,0
971,100000,0.32,0
973,200000,0.68,1
976,300000,0.31,0
977,300000,0.91,0
978,50000,0.66,0
979,300000,0.73,0
981,300000,0.55,0
982,100000,0.81,0
983,200000,0.83,1
984,100000,0.25,0
985,100000,0.39,0
986,50000,0.31,0
987,100000,0.74,0
988,300000,0.42,1
990,200000,0.22,0
991,300000,0.56,0
992,100000,0.18,0
993,50000,0.57,0
994,200000,0.78,0
995,100000,0.82,0
998,200000,0.11,0
999,50000,0.38,0
1001,100000,0.74,0
1002,50000,0.53,0
1005,200000,0.19,0
1006,50000,0.8,0
1012,300000,0.27,0
1014,100000,0.4,1
1016,200000,0.44,0
1020,100000,0.66,0
1023,100000,0.36,0
1025,300000,0.6,0
1030,100000,0.37,0
1033,200000,0.73,0
1034,200000,0.93,0
1036,100000,0.49,0
1037,100000,0.24,0
1038,50000,0.81,0
1039,100000,0.88,0
1041,100000,0.88,0
1043,100000,0.83,0
1044,50000,0.1,0
1045,100000,0.46,0
1047,50000,0.23,0
1048,100000,0.47,0
1050,200000,0.55,0
1055,200000,0.31,0
1059,200000,0.95,0
1060,200000,0.29,0
1061,100000,0.24,0
1062,100000,0.83,0
1064,200000,0.51,0
1065,300000,0.6,0
1066,300000,0.26,0
1067,50000,0.86,0
1069,300000,0.18,0
1070,50000,0.56,0
1071,200000,0.68,0
1072,50000,0.53,0
1074,50000,0.75,0
1075,300000,0.25,0
1076,300000,0.46,0
1077,200000,0.93,0
1078,50000,0.37,0
1079,50000,0.25,1
1080,100000,0.71,0
1083,50000,0.91,0
1086,100000,0.73,0
1087,100000,0.12,0
1088,300000,0.21,0
1089,100000,0.52,0
1090,100000,0.67,0
1091,100000,0.37,0
1092,100000,0.51,0
1093,300000,0.65,0
1095,300000,0.19,0
1096,100000,0.28,0
1100,50000,0.88,0
1102,200000,0.6,1
1103,100000,0.52,0
1104,300000,0.78,0
1105,300000,0.56,0
1106,300000,0.81,0
1109,50000,0.37,0
1110,300000,0.36,1
1111,300000,0.22,0
1113,200000,0.31,0
1115,100000,0.15,1
1117,200000,0.76,0
1119,100000,0.26,0
1120,100000,0.84,0
1122,200000,0.61,0
1124,300000,0.66,0
1126,100000,0.76,1
1129,100000,0.58,1
1131,50000,0.44,0
1133,50000,0.35,0
1134,300000,0.14,0
1135,300000,0.23,0
1137,50000,0.26,0
1139,100000,0.79,0
1140,50000,0.19,0
1141,100000,0.25,0
1142,300000,0.92,0
1143,200000,0.92,0
1144,50000,0.12,1
1146,100000,0.63,0
1147,200000,0.17,0
1148,50000,0.77,0
1150,50000,0.75,0
1154,50000,0.56,0
1155,200000,0.57,0
1157,50000,0.33,0
1159,100000,0.66,0
1160,300000,0.24,0
1161,50000,0.35,1
1163,300000,0.46,0
1165,100000,0.39,0
1166,200000,0.19,0
1167,300000,0.74,1
1168,50000,0.48,0
1169,50000,0.82,0
1171,200000,0.25,0
1173,200000,0.38,0
1175,50000,0.35,0
1176,300000,0.14,0
1178,100000,0.14,0
1180,100000,0.3,0
1181,200000,0.47,1
1183,50000,0.35,0
1184,300000,0.51,1
1185,50000,0.27,0
1186,50000,0.89,0
1187,200000,0.91,0
1188,50000,0.69,0
1189,50000,0.76,0
1190,100000,0.41,0
1191,100000,0.11,0
1193,300000,0.31,0
1194,100000,0.95,1
1196,50000,0.55,0
1197,200000,0.67,0
1198,50000,0.5,0
1199,100000,0.89,0
1200,200000,0.3,0
1202,50000,0.19,0
1203,200000,0.79,0
1205,100000,0.13,0
1206,100000,0.72,0
1207,100000,0.1,0
1208,100000,0.36,0
1209,200000,0.66,0
1210,50000,0.84,0
1211,100000,0.76,1
1213,300000,0.8,0
1214,300000,0.5,0
1217,200000,0.32,1
1218,50000,0.12,0
1219,50000,0.87,0
1221,100000,0.2,0
1223,50000,0.21,1
1224,50000,0.2,0
1225,100000,0.69,0
1227,200000,0.17,0
1230,100000,0.76,0
1231,200000,0.22,0
1235,200000,0.13,0
1236,300000,0.66,0
1237,100000,0.91,0
1239,200000,0.83,0
1242,50000,0.31,0
1244,200000,0.8,0
1246,300000,0.21,0
1247,100000,0.23,0
1248,200000,0.9,0
1250,200000,0.51,0
1253,200000,0.5,1
1254,50000,0.18,0
1256,50000,0.29,0
1258,50000,0.89,0
1261,50000,0.46,0
1262,300000,0.25,1
1266,300000,0.92,0
1268,100000,0.49,0
1271,200000,0.2,0
1272,100000,0.85,0
1273,200000,0.47,0
1275,100000,0.61,0
1278,300000,0.59,1
1281,300000,0.3,0
1285,100000,0.86,0
1289,200000,0.87,0
1293,300000,0.66,0
1294,300000,0.47,1
1295,200000,0.34,0
1296,200000,0.35,0
1297,100000,0.42,0
1299,300000,0.68,1
1302,200000,0.84,0
1303,50000,0.64,0
1304,50000,0.76,0
1305,200000,0.86,0
1307,100000,0.39,0
1309,100000,0.88,0
1310,100000,0.5,0
1311,50000,0.71,0
1315,50000,0.35,0
1318,300000,0.45,0
1320,300000,0.12,0
1321,300000,0.31,0
1322,50000,0.24,0
1325,100000,0.33,0
1326,50000,0.77,0
1328,100000,0.79,0
1330,50000,0.83,0
1332,100000,0.42,1
1333,300000,0.48,1
1335,100000,0.92,0
1337,50000,0.27,0
1338,50000,0.3,1
1339,300000,0.33,0
1341,100000,0.4,0
1342,100000,0.21,0
1345,200000,0.81,1
1346,50000,0.17,0
1347,300000,0.64,0
1349,50000,0.33,0
1350,50000,0.51,0
1351,200000,0.25,0
1352,100000,0.9,0
1353,300000,0.58,0
1355,100000,0.15,0
1357,50000,0.89,0
1360,50000,0.73,0
1361,300000,0.89,0
1363,50000,0.26,0
1364,100000,0.3,0
1365,300000,0.63,0
1366,50000,0.12,0
1368,50000,0.43,0
1369,100000,0.74,0
1371,200000,0.85,1
1372,300000,0.27,0
1373,300000,0.73,0
1375,200000,0.11,0
1376,100000,0.2,0
1377,100000,0.71,0
1378,300000,0.86,1
1380,100000,0.56,0
1381,50000,0.77,0
1382,200000,0.64,0
1383,50000,0.14,0
1385,50000,0.54,0
1386,50000,0.75,0
1387,100000,0.18,0
1389,300000,0.79,0
1390,50000,0.88,0
1392,50000,0.59,0
1395,100000,0.72,0
1396,100000,0.8,0
1400,300000,0.11,0
1404,200000,0.7,0
1406,200000,0.38,0
1407,100000,0.4,0
1408,300000,0.49,0
1410,50000,0.54,1
1411,100000,0.47,0
1412,100000,0.5,1
1413,100000,0.64,0
1414,200000,0.53,0
1417,50000,0.87,0
1418,300000,0.86,0
1421,100000,0.34,0
1422,200000,0.12,0
1423,100000,0.23,0
1425,50000,0.87,0
1426,100000,0.42,0
1427,100000,0.6,0
1431,200000,0.51,0
1432,50000,0.13,1
1433,200000,0.22,0
1437,200000,0.49,0
1438,100000,0.8,1
1439,100000,0.31,1
1440,200000,0.78,0
1441,200000,0.52,0
1443,200000,0.22,0
1444,50000,0.56,0
1445,100000,0.29,0
1448,50000,0.17,0
1449,100000,0.48,0
1451,200000,0.54,0
1454,100000,0.69,0
1458,100000,0.54,0
1459,300000,0.69,0
1460,100000,0.36,0
1462,200000,0.36,0
1463,100000,0.25,0
1466,200000,0.86,0
1467,200000,0.6,0
1471,300000,0.34,0
1472,50000,0.12,0
1474,200000,0.6,0
1479,100000,0.47,0
1480,50000,0.5,0
1486,200000,0.87,0
1487,100000,0.32,0
1489,50000,0.93,1
1490,100000,0.24,0
1493,50000,0.67,0
1494,200000,0.43,0
1495,50000,0.81,0
1497,300000,0.3,0
1498,200000,0.19,0
1499,200000,0.28,0
1500,50000,0.66,0
1501,100000,0.46,0
1503,200000,0.38,0
1505,200000,0.51,0
1507,50000,0.86,1
1508,200000,0.46,0
1510,50000,0.53,0
1512,50000,0.56,0
1513,300000,0.57,0
1515,50000,0.82,0
1517,50000,0.3,1
1518,200000,0.47,0
1524,100000,0.18,0
1525,100000,0.46,0
1526,300000,0.93,0
1528,200000,0.47,0
1530,100000,0.72,0
1531,50000,0.38,1
1532,200000,0.93,0
1534,300000,0.32,0
1537,300000,0.3,0
1538,200000,0.63,0
1539,50000,0.3,0
1540,200000,0.6,0
1541,50000,0.15,0
1545,200000,0.86,1
1546,100000,0.2,0
1547,50000,0.54,0
1548,50000,0.93,0
1550,100000,0.91,0
1551,300000,0.72,0
1552,200000,0.41,0
1553,300000,0.54,0
1556,100000,0.23,1
1558,300000,0.76,0
1559,100000,0.59,0
1560,100000,0.67,0
1562,50000,0.83,0
1563,100000,0.49,0
1564,50000,0.56,1
1566,200000,0.74,0
1567,300000,0.45,0
1568,50000,0.71,0
1571,100000,0.55,0
1572,300000,0.29,0
1575,200000,0.15,1
1576,50000,0.43,0
1577,300000,0.22,0
1578,100000,0.39,0
1579,300000,0.71,0
1582,50000,0.12,0
1583,50000,0.78,1
1586,100000,0.5,0
1588,300000,0.86,1
1590,200000,0.78,1
1594,300000,0.55,0
1596,50000,0.9,0
1597,300000,0.34,0
1600,200000,0.41,0
1602,300000,0.89,0
1603,100000,0.19,0
1604,100000,0.46,0
1605,100000,0.68,1
1608,300000,0.31,0
1611,200000,0.34,0
1613,50000,0.59,0
1615,200000,0.36,0
1616,200000,0.26,1
1619,50000,0.22,0
1621,50000,0.77,0
1622,50000,0.9,0
1624,200000,0.16,0
1625,300000,0.66,0
1627,50000,0.27,0
1628,300000,0.84,0
1631,300000,0.5,0
1632,100000,0.71,0
1633,100000,0.79,0
1634,50000,0.3,0
1636,100000,0.26,0
1637,200000,0.56,0
1638,100000,0.67,0
1642,100000,0.65,0
1648,200000,0.84,1
1649,300000,0.17,0
1652,100000,0.85,0
1655,200000,0.11,0
1656,200000,0.58,0
1657,50000,0.79,0
1660,100000,0.36,0
1663,50000,0.93,1
1664,100000,0.61,0
1666,50000,0.37,0
1667,50000,0.8,0
1668,100000,0.16,0
1672,300000,0.31,0
1673,300000,0.6,0
1675,50000,0.29,0
1676,200000,0.82,0
1677,50000,0.31,1
1679,200000,0.34,0
1680,50000,0.76,0
1681,300000,0.14,0
1684,100000,0.68,0
1685,200000,0.61,0
1688,200000,0.3,0
1690,50000,0.18,0
1692,200000,0.65,0
1693,300000,0.67,0
1694,300000,0.34,0
1697,300000,0.54,0
1698,100000,0.91,0
1701,50000,0.9,1
1702,50000,0.57,0
1705,50000,0.27,0
1707,50000,0.27,0
1708,50000,0.71,0
1709,300000,0.59,0
1712,300000,0.74,0
1713,200000,0.77,0
1714,50000,0.7,0
1715,100000,0.8,0
1719,300000,0.6,0
1720,100000,0.78,1
1722,100000,0.54,0
1723,50000,0.12,0
1725,300000,0.85,0
1727,50000,0.23,0
1732,200000,0.62,0
1734,300000,0.64,0
1737,100000,0.72,0
1738,200000,0.29,0
1739,300000,0.7,0
1740,200000,0.81,0
1741,200000,0.44,0
1745,300000,0.49,0
1749,50000,0.65,0
1752,50000,0.1,0
1753,200000,0.18,0
1757,100000,0.7,1
1758,300000,0.26,0
1759,200000,0.27,0
1760,100000,0.86,0
1761,50000,0.14,0
1762,100000,0.76,0
1763,300000,0.41,0
1765,50000,0.39,0
1767,300000,0.16,1
1768,200000,0.63,0
1769,300000,0.15,0
1770,50000,0.76,0
1771,200000,0.88,0
1773,300000,0.45,0
1774,100000,0.52,0
1776,200000,0.49,0
1777,300000,0.88,0
1779,100000,0.72,0
1780,100000,0.41,0
1781,100000,0.72,0
1782,100000,0.8,0
1783,200000,0.32,0
1784,300000,0.29,0
1785,100000,0.1,0
1786,300000,0.88,0
1787,300000,0.9,0
1788,300000,0.69,0
1790,200000,0.41,0
1791,100000,0.84,0
1792,300000,0.66,0
1793,300000,0.4,0
1794,200000,0.51,1
1795,100000,0.22,0
1797,100000,0.85,0
1798,50000,0.23,0
1799,100000,0.49,0
1801,300000,0.58,0
1802,200000,0.53,0
1803,100000,0.58,0
1805,200000,0.6,0
1806,50000,0.93,1
1807,200000,0.59,0
1808,200000,0.73,0
1809,300000,0.59,0
1811,200000,0.69,0
1812,300000,0.18,0
1813,200000,0.78,0
1818,200000,0.71,0
1819,300000,0.57,0
1820,100000,0.57,0
1822,50000,0.34,0
1823,50000,0.8,0
1825,50000,0.79,0
1826,100000,0.92,1
1827,100000,0.54,0
1828,50000,0.59,1
1831,300000,0.44,0
1832,300000,0.41,0
1833,50000,0.15,0
1834,50000,0.1,0
1837,50000,0.26,0
1838,50000,0.3,0
1839,100000,0.17,0
1840,300000,0.7,0
1841,50000,0.94,0
1842,200000,0.82,0
1846,50000,0.92,0
1847,300000,0.75,0
1851,50000,0.56,0
1854,50000,0.55,0
1855,200000,0.73,0
1857,100000,0.22,0
1860,200000,0.38,0
1863,200000,0.16,0
1867,200000,0.37,0
1872,200000,0.67,0
1873,100000,0.73,0
1876,200000,0.83,0
1877,50000,0.64,0
1878,50000,0.91,0
1881,100000,0.86,0
1883,200000,0.31,0
1884,300000,0.21,0
1886,200000,0.31,0
1889,50000,0.86,1
1890,50000,0.48,0
1891,300000,0.78,1
1896,50000,0.65,0
1899,300000,0.43,0
1901,50000,0.51,0
1905,100000,0.75,0
1907,100000,0.14,0
1908,50000,0.88,0
1909,300000,0.3,0
1911,300000,0.59,0
1913,100000,0.6,0
1914,50000,0.89,0
1915,100000,0.88,0
1916,200000,0.55,0
1918,200000,0.67,0
1921,200000,0.67,0
1922,100000,0.82,0
1923,300000,0.66,0
1924,50000,0.3,0
1925,100000,0.41,0
1929,50000,0.43,0
1930,50000,0.9,0
1931,200000,0.9,1
1932,100000,0.85,0
1936,300000,0.63,0
1937,50000,0.95,0
1938,300000,0.69,0
1939,100000,0.78,0
1940,300000,0.28,0
1941,300000,0.9,0
1943,200000,0.91,0
1945,200000,0.26,0
1946,100000,0.49,1
1947,50000,0.3,0
1948,100000,0.75,0
1949,200000,0.25,0
1950,100000,0.49,0
1951,200000,0.89,1
1952,100000,0.41,1
1953,200000,0.9,0
1956,200000,0.94,0
1958,100000,0.73,0
1963,50000,0.3,0
1965,300000,0.86,0
1968,200000,0.54,0
1969,200000,0.91,0
1970,200000,0.94,0
1971,50000,0.65,0
1973,100000,0.94,0
1974,50000,0.75,0
1975,300000,0.15,0
1976,300000,0.39,0
1978,200000,0.76,0
1980,300000,0.88,0
1981,100000,0.89,1
1982,200000,0.33,0
1989,300000,0.29,0
1990,100000,0.2,0
1991,50000,0.38,0
1992,50000,0.27,0
1993,200000,0.38,0
1999,50000,0.67,0
2000,200000,0.29,0
2001,300000,0.38,0
2005,200000,0.53,0
2006,200000,0.59,0
2007,300000,0.3,0
2009,100000,0.73,1
2010,100000,0.84,0
2011,100000,0.15,0
2013,100000,0.7,0
2014,200000,0.57,0
2015,100000,0.71,0
2018,50000,0.72,0
2019,200000,0.45,0
2020,100000,0.92,1
2025,300000,0.61,0
2027,50000,0.43,0
2028,200000,0.54,0
2030,200000,0.75,0
2031,300000,0.78,0
2035,50000,0.53,0
2036,200000,0.93,0
2037,100000,0.59,0
2038,200000,0.36,0
2040,200000,0.7,1
2041,300000,0.37,0
2042,50000,0.6,0
2043,100000,0.22,0
2045,200000,0.67,0
2046,50000,0.28,0
2049,100000,0.77,0
2052,100000,0.42,0
2054,200000,0.11,0
2055,200000,0.68,0
2058,50000,0.4,0
2060,300000,0.61,0
2062,200000,0.28,1
2064,300000,0.66,0
2068,50000,0.27,0
2070,100000,0.59,0
2073,100000,0.27,0
2074,50000,0.57,0
2077,50000,0.81,0
2078,200000,0.32,0
2079,200000,0.3,0
2080,300000,0.76,0
2081,300000,0.51,0
2082,300000,0.78,1
2083,300000,0.86,0
2085,200000,0.69,1
2088,100000,0.41,0
2089,100000,0.26,0
2090,100000,0.47,1
2092,200000,0.51,0
2093,300000,0.35,0
2094,100000,0.35,0
2095,200000,0.16,0
2096,100000,0.82,0
2097,50000,0.21,0
2098,300000,0.32,0
2099,200000,0.26,0
2101,100000,0.23,1
2102,50000,0.84,0
2105,300000,0.88,1
2106,200000,0.38,0
2107,300000,0.49,0
2108,200000,0.68,0
2109,100000,0.76,0
2110,100000,0.46,0
2113,300000,0.91,0
2114,50000,0.21,0
2115,50000,0.46,0
2117,300000,0.7,0
2118,100000,0.4,1
2119,200000,0.17,0
2123,100000,0.36,0
2124,50000,0.28,0
2126,200000,0.15,0
2130,100000,0.52,0
2131,200000,0.53,1
2132,300000,0.77,0
2133,100000,0.25,0
2135,50000,0.65,1
2137,50000,0.19,0
2139,100000,0.1,0
2142,200000,0.75,0
2144,300000,0.58,0
2145,300000,0.62,0
2148,100000,0.49,0
2150,50000,0.92,0
2151,300000,0.88,0
2153,200000,0.64,0
2154,200000,0.33,0
2155,100000,0.56,1
2156,100000,0.55,0
2157,200000,0.33,0
2158,50000,0.71,0
2160,100000,0.29,0
2161,50000,0.46,0
2162,300000,0.6,0
2163,50000,0.29,0
2164,100000,0.18,1
2165,50000,0.78,0
2168,300000,0.86,0
2171,50000,0.81,0
2173,300000,0.61,0
2175,300000,0.81,0
2177,200000,0.94,0
2181,50000,0.34,0
2183,200000,0.67,0
2184,300000,0.22,0
2195,50000,0.31,0
2196,200000,0.88,0
2197,300000,0.76,1
2198,200000,0.37,0
2199,50000,0.68,0
2200,200000,0.15,0
2201,300000,0.43,1
2203,300000,0.17,0
2204,100000,0.45,0
2205,300000,0.34,0
2206,50000,0.71,0
2208,300000,0.33,0
2209,50000,0.17,1
2210,100000,0.13,1
2212,50000,0.49,1
2213,200000,0.44,0
2214,300000,0.51,0
2215,300000,0.59,0
2216,200000,0.41,0
2217,300000,0.23,0
2218,200000,0.38,0
2219,50000,0.45,0
2220,100000,0.53,0
2222,300000,0.6,0
2223,100000,0.63,0
2224,100000,0.93,0
2225,300000,0.73,0
2227,200000,0.84,0
2228,100000,0.65,0
2229,50000,0.55,0
2230,300000,0.45,0
2233,100000,0.14,0
2234,50000,0.76,0
2237,100000,0.15,0
2238,50000,0.34,0
2239,300000,0.18,0
2241,100000,0.59,0
2242,200000,0.3,0
2243,50000,0.71,0
2244,100000,0.48,0
2248,100000,0.16,0
2249,50000,0.33,1
2250,50000,0.71,1
2252,50000,0.88,0
2253,100000,0.83,0
2254,50000,0.12,0
2256,100000,0.9,0
2259,200000,0.28,0
2260,100000,0.22,1
2262,200000,0.4,0
2263,200000,0.95,1
2264,50000,0.93,0
2266,200000,0.77,0
2267,200000,0.2,0
2268,100000,0.78,0
2271,200000,0.26,0
2272,50000,0.62,0
2273,200000,0.81,1
2276,50000,0.44,0
2277,300000,0.87,1
2278,100000,0.47,0
2279,100000,0.48,0
2281,300000,0.57,0
2283,300000,0.83,0
2287,200000,0.7,0
2288,200000,0.33,0
2289,100000,0.82,0
2291,100000,0.11,0
2292,200000,0.88,0
2293,300000,0.9,0
2296,300000,0.93,0
2297,300000,0.25,0
2298,100000,0.29,1
2301,100000,0.31,0
2304,50000,0.78,0
2305,300000,0.92,1
2306,300000,0.51,0
2307,100000,0.74,0
2309,100000,0.79,1
2312,300000,0.69,0
2313,200000,0.83,0
2315,200000,0.88,0
2316,300000,0.75,0
2318,300000,0.77,0
2319,200000,0.67,1
2320,300000,0.33,0
2322,300000,0.14,0
2323,200000,0.61,0
2324,200000,0.36,0
2326,200000,0.45,0
2328,200000,0.33,0
2329,100000,0.65,0
2331,50000,0.14,0
2332,200000,0.43,0
2333,50000,0.36,0
2334,100000,0.71,0
2336,200000,0.26,0
2337,200000,0.2,0
2338,50000,0.52,0
2341,50000,0.23,0
2342,50000,0.65,0
2343,50000,0.31,0
2344,50000,0.13,0
2345,200000,0.62,0
2347,300000,0.15,0
2348,50000,0.95,0
2349,50000,0.43,0
2350,200000,0.59,0
2351,300000,0.84,0
2352,200000,0.58,1
2353,50000,0.71,0
2355,100000,0.22,0
2358,50000,0.94,0
2359,100000,0.54,0
2361,100000,0.48,0
2362,100000,0.48,0
2363,100000,0.47,0
2365,50000,0.5,1
2368,300000,0.95,0
2369,100000,0.91,0
2370,300000,0.76,0
2371,50000,0.89,0
2374,200000,0.65,0
2375,100000,0.5,1
2378,200000,0.72,0
2381,200000,0.56,0
2382,300000,0.11,0
2384,300000,0.49,0
2388,100000,0.68,0
2390,50000,0.44,0
2391,100000,0.81,0
2392,200000,0.48,0
2394,300000,0.21,0
2397,50000,0.36,0
2400,300000,0.25,0
2402,200000,0.84,0
2403,50000,0.39,0
2404,100000,0.55,1
2405,200000,0.4,1
2406,300000,0.28,0
2410,100000,0.68,0
2412,100000,0.65,0
2413,100000,0.48,0
2414,300000,0.81,0
2416,50000,0.7,0
2421,200000,0.72,0
2422,50000,0.76,0
2423,50000,0.16,0
2424,200000,0.42,0
2427,50000,0.63,0
2429,200000,0.56,0
2431,100000,0.48,0
2433,200000,0.56,0
2436,300000,0.41,0
2437,100000,0.34,0
2440,300000,0.39,0
2442,100000,0.88,1
2443,300000,0.86,1
2444,100000,0.19,0
2446,50000,0.79,0
2447,300000,0.35,0
2449,200000,0.7,0
2450,200000,0.36,0
2451,200000,0.66,0
2452,300000,0.71,0
2453,50000,0.14,0
2454,50000,0.11,1
2455,300000,0.6,0
2456,200000,0.21,0
2457,100000,0.4,0
2459,100000,0.17,0
2463,100000,0.85,0
2464,200000,0.21,0
2466,100000,0.42,0
2467,200000,0.94,0
2468,100000,0.83,0
2469,300000,0.53,0
2470,100000,0.11,0
2472,100000,0.8,0
2474,200000,0.83,0
2476,200000,0.4,1
2477,50000,0.28,0
2478,200000,0.91,0
2479,50000,0.1,0
2480,100000,0.62,0
2481,300000,0.81,1
2482,100000,0.68,0
2483,300000,0.21,0
2484,300000,0.81,0
2486,200000,0.16,0
2489,50000,0.66,0
2490,100000,0.71,0
2492,100000,0.56,0
2494,300000,0.47,0
2495,300000,0.64,1
2496,300000,0.57,1
2499,300000,0.31,0
2500,50000,0.39,0
2502,50000,0.6,0
2503,50000,0.9,0
2505,200000,0.48,0
2506,50000,0.12,0
2508,100000,0.69,0
2511,100000,0.2,1
2512,200000,0.92,0
2513,100000,0.72,0
2514,200000,0.44,0
2516,200000,0.34,0
2517,50000,0.17,1
2518,200000,0.47,0
2520,100000,0.33,0
2521,50000,0.19,0
2522,100000,0.3,0
2524,300000,0.55,0
2525,200000,0.4,0
2530,100000,0.6,0
2531,50000,0.56,0
2533,200000,0.88,0
2534,300000,0.87,0
2536,300000,0.78,1
2541,200000,0.11,0
2542,50000,0.94,1
2543,100000,0.1,0
2544,200000,0.85,0
2545,50000,0.84,0
2548,100000,0.33,0
2549,100000,0.58,0
2550,100000,0.31,1
2551,100000,0.85,0
2555,50000,0.82,1
2556,300000,0.13,0
2557,100000,0.11,0
2559,200000,0.32,1
2561,100000,0.16,1
2565,100000,0.91,0
2566,300000,0.64,1
2567,100000,0.85,1
2569,100000,0.78,0
2571,200000,0.43,0
2574,50000,0.21,0
2575,200000,0.26,0
2576,300000,0.29,0
2577,200000,0.52,0
2578,100000,0.12,0
2579,100000,0.39,0
2581,100000,0.14,0
2582,200000,0.19,0
2584,100000,0.37,0
2587,100000,0.93,0
2590,200000,0.33,0
2595,200000,0.21,0
2598,100000,0.95,0
2600,300000,0.3,0
2603,50000,0.63,0
2604,50000,0.78,0
2605,50000,0.42,0
2606,300000,0.7,0
2607,300000,0.69,1
2610,50000,0.65,0
2612,300000,0.29,0
2613,100000,0.38,0
2614,50000,0.34,0
2616,100000,0.45,0
2617,50000,0.8,0
2623,200000,0.49,0
2624,300000,0.31,0
2625,200000,0.49,0
2627,300000,0.31,0
2630,50000,0.19,0
2631,200000,0.22,0
2632,300000,0.7,0
2633,100000,0.17,1
2634,300000,0.29,1
2635,100000,0.47,1
2636,300000,0.89,0
2638,200000,0.68,0
2639,300000,0.28,0
2640,100000,0.9,0
2641,300000,0.56,0
2642,200000,0.74,0
2644,50000,0.43,0
2648,100000,0.42,0
2650,300000,0.6,0
2655,100000,0.14,0
2657,100000,0.46,0
2658,200000,0.95,0
2661,300000,0.41,0
2663,300000,0.92,0
2666,100000,0.7,0
2667,100000,0.13,0
2668,100000,0.45,0
2669,200000,0.55,0
2670,100000,0.58,1
2674,100000,0.67,0
2676,200000,0.63,0
2677,300000,0.6,0
2681,300000,0.61,0
2682,50000,0.85,1
2683,100000,0.8,0
2684,300000,0.53,0
2686,200000,0.32,0
2689,200000,0.94,1
2690,100000,0.46,0
2692,200000,0.65,0
2693,50000,0.55,0
2694,200000,0.36,0
2695,300000,0.36,0
2696,200000,0.67,0
2697,50000,0.89,0
2698,200000,0.2,0
2699,50000,0.85,0
2700,50000,0.2,0
2701,300000,0.67,0
2702,300000,0.34,0
2704,300000,0.14,0
2706,200000,0.75,0
2707,200000,0.26,1
2708,200000,0.3,0
2709,100000,0.28,0
2711,300000,0.38,0
2712,50000,0.28,0
2713,200000,0.12,0
2715,50000,0.53,0
2719,50000,0.5,0
2721,100000,0.57,0
2722,300000,0.38,0
2723,200000,0.48,0
2727,200000,0.94,0
2731,100000,0.73,0
2733,300000,0.18,0
2737,100000,0.19,0
2738,100000,0.57,0
2739,50000,0.37,0
2740,300000,0.62,0
2741,200000,0.85,0
2742,50000,0.66,0
2743,300000,0.62,0
2744,300000,0.36,1
2745,50000,0.76,0
2746,200000,0.28,0
2748,100000,0.19,0
2749,100000,0.77,0
2750,300000,0.43,0
2751,200000,0.57,0
2753,100000,0.53,0
2754,300000,0.53,0
2755,300000,0.13,0
2756,300000,0.47,0
2757,200000,0.87,1
2758,100000,0.39,0
2761,50000,0.67,0
2763,300000,0.36,0
2764,200000,0.79,0
2767,50000,0.53,0
2770,200000,0.51,0
2772,50000,0.82,0
2774,50000,0.23,0
2775,300000,0.12,1
2777,100000,0.83,0
2779,100000,0.41,0
2781,100000,0.74,0
2782,200000,0.68,0
2783,100000,0.62,0
2784,50000,0.68,0
2787,200000,0.86,0
2788,100000,0.73,0
2790,100000,0.94,0
2791,50000,0.13,0
2792,200000,0.52,0
2793,50000,0.49,0
2795,200000,0.62,0
2796,300000,0.14,0
2798,50000,0.18,0
2800,100000,0.13,0
2801,100000,0.77,0
2804,200000,0.36,0
2805,300000,0.48,0
2806,100000,0.45,0
2808,300000,0.86,0
2811,200000,0.67,0
2812,200000,0.69,0
2813,50000,0.83,0
2814,200000,0.43,0
2815,200000,0.89,0
2817,200000,0.4,0
2818,50000,0.7,0
2819,50000,0.55,0
2820,50000,0.76,0
2824,200000,0.39,0
2826,200000,0.1,0
2829,200000,0.69,0
2831,200000,0.9,1
2833,200000,0.67,1
2834,50000,0.43,1
2836,200000,0.37,0
2837,300000,0.92,0
2842,200000,0.31,0
2843,100000,0.8,0
2844,300000,0.44,1
2846,50000,0.93,0
2847,100000,0.23,0
2849,100000,0.56,0
2850,200000,0.8,0
2851,200000,0.8,0
2856,300000,0.49,0
2857,200000,0.35,0
2858,50000,0.34,0
2860,50000,0.86,0
2861,300000,0.22,0
2862,50000,0.46,0
2863,50000,0.8,0
2864,300000,0.26,0
2865,100000,0.63,1
2867,100000,0.57,0
2868,200000,0.87,0
2869,100000,0.75,0
2871,50000,0.94,0
2872,100000,0.14,1
2873,300000,0.31,0
2874,100000,0.83,1
2876,50000,0.72,0
2879,50000,0.46,0
2880,100000,0.39,0
2881,300000,0.43,0
2882,200000,0.81,0
2883,100000,0.67,0
2884,300000,0.73,0
2886,100000,0.6,0
2887,50000,0.95,0
2891,100000,0.61,0
2898,200000,0.4,0
2900,300000,0.59,0
2901,300000,0.74,0
2902,50000,0.17,0
2903,100000,0.11,0
2904,100000,0.13,0
2906,200000,0.68,0
2907,100000,0.8,0
2909,200000,0.12,0
2910,50000,0.39,0
2914,200000,0.55,0
2915,100000,0.76,0
2916,100000,0.43,0
2917,100000,0.15,0
2919,300000,0.57,0
2920,300000,0.85,0
2921,100000,0.32,0
2922,50000,0.36,1
2923,200000,0.66,0
2928,300000,0.15,0
2929,50000,0.19,0
2931,50000,0.43,0
2933,200000,0.12,0
2936,300000,0.91,0
2937,200000,0.36,0
2938,50000,0.65,0
2939,200000,0.9,0
2940,100000,0.62,0
2942,300000,0.21,0
2943,300000,0.22,1
2945,50000,0.73,0
2946,50000,0.9,0
2950,100000,0.45,0
2951,50000,0.6,1
2953,50000,0.43,0
2954,50000,0.15,0
2955,300000,0.71,0
2956,200000,0.69,0
2959,200000,0.19,0
2960,50000,0.52,0
2963,200000,0.75,0
2965,200000,0.16,0
2966,200000,0.38,0
2968,50000,0.78,0
2969,100000,0.26,0
2970,100000,0.68,0
2971,100000,0.73,0
2974,200000,0.94,1
2981,300000,0.23,0
2985,300000,0.79,1
2988,200000,0.62,0
2989,50000,0.89,0
2990,200000,0.11,0
2991,200000,0.25,0
2995,300000,0.71,0
2996,300000,0.39,0
2997,200000,0.8,0
